,0,1,2,3,4,5,6,7,8,9,10,11,12,13,14,15,16,17,18,19,20,21,22,23,24,25,26,27,28,29,30,31,32,33,34,35,36,37,38,39,40,41,42,43,44,45,46,47,48,49,50,51,52,53,54,55,56,57,58,59,60,61,62,63,64,65,66,67,68,69,70,71,72,73,74,75,76,77,78,79,80,81,82,83,84,85,86,87,88,89,90,91,92,93,94,95,96,97,98,99,100,101,102,103,104,105,106,107,108,109,110,111,112,113,114,115,116,117,118,119,120,121,122,123
Target,158.81,160.08,161.06,155.32,157.48,159.85,161.6,160.95,157.86,157.5,157.21,159.78,159.98,159.27,159.86,161.47,162.91,163.35,164,164.05,162.08,161.91,161.26,158.63,161.5,160.86,159.65,158.28,159.88,158.67,158.73,156.07,153.39,151.89,150.55,153.14,154.23,153.28,154.12,153.81,154.48,153.48,155.39,155.3,155.84,155.9,156.55,156,156.99,159.88,160.47,159.76,155.98,156.25,156.17,157.1,156.41,157.41,163.05,166.72,169.04,166.89,168.11,172.5,174.25,174.81,176.24,175.88,174.67,173.97,171.34,169.08,171.1,170.15,169.98,173.14,174.96,174.97,174.09,173.07,169.48,171.85,171.05,169.8,169.64,169.01,169.32,169.37,172.67,171.7,172.27,172.22,173.97,176.42,174.54,174.35,175.01,175.01,170.57,170.6,171.08,169.23,172.26,172.23,173.03,175,174.35,174.33,174.29,175.28,177.09,176.19,179.1,179.26,178.46,177,177.04,174.22,171.11,171.51,167.96,166.97,167.43,167.78
MLP,157.84685,158.94414,159.37166,155.3469,156.96791,159.37393,160.66594,160.1609,157.81512,157.60991,157.13972,159.75188,159.48541,159.55171,160.16039,161.19493,162.3403,162.5303,163.25803,163.56555,162.09126,161.84029,161.3855,159.16301,161.18585,160.91835,159.79861,158.50716,159.90717,159.11711,159.12689,157.26208,155.64848,154.08981,152.99283,154.23636,155.00128,154.0673,154.57758,154.16867,154.94504,154.14595,155.42622,155.47673,155.86548,155.76706,156.47214,155.9256,156.80994,158.96756,159.51291,159.00456,156.19818,156.20506,156.08528,156.82077,156.27171,157.29327,161.23616,163.71805,165.79913,165.47183,166.8546,169.67972,171.33415,172.33789,173.86897,174.27925,173.54425,172.86249,170.9172,168.95302,171.08488,170.0313,169.97171,172.93483,174.88509,174.82726,174.11761,172.97783,170.4176,171.73932,171.35886,170.0804,170.06674,169.50595,169.63907,169.71606,172.43922,171.94261,172.26779,172.20671,173.59256,175.47765,174.36668,174.20189,174.67969,174.7552,171.13873,170.79704,171.21472,169.79381,171.59875,172.26317,173.02304,174.7453,174.22528,174.1041,174.19547,174.86899,176.40152,175.94276,178.0411,178.52666,178.16574,176.82008,176.98038,174.48914,171.98279,171.9064,169.6491,168.57628,168.79596,168.88338
e^2,0.9276579225,1.29017794,2.850491956,0.00072361,0.2622361681,0.2266426449,0.8724680836,0.62267881,0.0020142144,0.0120802081,0.0049392784,0.0007907344,0.2446192681,0.0793605241,0.0902341521,0.0756635049,0.32455809,0.67190809,0.5505194809,0.2346918025,0.0001267876,0.0048594841,0.01575025,0.2840996601,0.0986902225,0.0034047225,0.0220849321,0.0516016656,0.0007382089,0.1999073521,0.1575216721,1.421054726,5.10073191,4.839164036,5.967418409,1.20200525,0.5948728384,0.61984129,0.2093794564,0.1286441689,0.2162622016,0.4434894025,0.0013118884,0.0312334929,0.0006492304,0.0176730436,0.0060621796,0.00553536,0.0324216036,0.8325467536,0.9160212681,0.5706895936,0.0476025124,0.0020196036,0.0071774784,0.0779693929,0.0191241241,0.0136258929,3.290015546,9.011703802,10.50323836,2.011206149,1.57602916,7.953979278,8.502181223,6.111327852,5.621783261,2.562400563,1.267313062,1.2265784,0.17875984,0.0161239204,0.0002286144,0.01408969,0.0000687241,0.0420947289,0.0056115081,0.0203747076,0.0007623121,0.0084953089,0.87909376,0.0122500624,0.0953944996,0.07862416,0.1821070276,0.2459664025,0.1018056649,0.1197575236,0.0532594084,0.0588596121,0.0000048841,0.0001766241,0.1424609536,0.8880235225,0.0300398224,0.0219365721,0.1091046961,0.06492304,0.3234538129,0.0388247616,0.0181494784,0.3178817161,0.4372515625,0.0011002489,0.0000484416,0.06487209,0.0155550784,0.05103081,0.0089359209,0.1689292201,0.4740047104,0.0611276176,1.12126921,0.5377875556,0.0865889476,0.0323712064,0.0035545444,0.0724363396,0.7617623841,0.15713296,2.85305881,2.580135438,1.865846722,1.217447424
% Error,0.6064794408,0.7095577211,1.048267726,0.01731908318,0.3251778004,0.297822959,0.5780074257,0.4902764834,0.02843025466,0.06978412698,0.04470453533,0.0175991989,0.3091573947,0.1768757456,0.1879081696,0.1703536261,0.3497022896,0.5018059382,0.4524207317,0.2953063091,0.006947186575,0.04305478352,0.07782463103,0.3360083213,0.1945201238,0.03627377844,0.09308487316,0.1435178165,0.0169939955,0.2817860969,0.25004095,0.7638111104,1.4723776,1.448291527,1.622603786,0.7159200731,0.5000842897,0.5136351775,0.2968985206,0.2331902997,0.3010357328,0.4339001824,0.02330909325,0.1137990985,0.01635010267,0.08527261065,0.04973490897,0.04769230769,0.1146952035,0.5707030273,0.5964292391,0.4728592889,0.1398769073,0.0287616,0.05424857527,0.1777402928,0.08841506298,0.07415666095,1.112444036,1.80059381,1.917220776,0.8497633172,0.7467729463,1.634944928,1.673371593,1.41416967,1.34534158,0.9101375938,0.6445010591,0.6366097603,0.2467608264,0.07510054412,0.008836937463,0.06976197473,0.004877044358,0.1184994802,0.04281550069,0.08157969938,0.01585961284,0.05325590801,0.5532216191,0.06440500436,0.1805670856,0.1651354535,0.2515562367,0.2934441749,0.1884420033,0.2043218988,0.1336537905,0.1412987769,0.001282869914,0.007716873766,0.2169569466,0.5341514568,0.09930101982,0.08494981359,0.1887377864,0.1455916805,0.3334290907,0.1154982415,0.07874678513,0.3331619689,0.3838674097,0.01925913023,0.004022423857,0.1455428571,0.07153427015,0.1295818276,0.05423719089,0.2344876769,0.3887740697,0.1403257847,0.5912339475,0.4090929376,0.1648884904,0.1016497175,0.03367600542,0.1544828378,0.5100753901,0.2311235496,1.005656109,0.9620171288,0.8158394553,0.6576349982
MSE,0.8853748371,,,,,,,,,,,,,,,,,,,,,,,,,,,,,,,,,,,,,,,,,,,,,,,,,,,,,,,,,,,,,,,,,,,,,,,,,,,,,,,,,,,,,,,,,,,,,,,,,,,,,,,,,,,,,,,,,,,,,,,,,,,
Average % Error,0.3712951143,,,,,,,,,,,,,,,,,,,,,,,,,,,,,,,,,,,,,,,,,,,,,,,,,,,,,,,,,,,,,,,,,,,,,,,,,,,,,,,,,,,,,,,,,,,,,,,,,,,,,,,,,,,,,,,,,,,,,,,,,,,
,,,,,,,,,,,,,,,,,,,,,,,,,,,,,,,,,,,,,,,,,,,,,,,,,,,,,,,,,,,,,,,,,,,,,,,,,,,,,,,,,,,,,,,,,,,,,,,,,,,,,,,,,,,,,,,,,,,,,,,,,,,,
CONVOLUTION,156.59108,158.62157,158.6937,157.27928,157.07861,156.84184,158.03856,158.21675,158.60294,158.337,155.83493,156.25038,157.12291,157.77652,160.40532,159.76022,158.52182,159.99835,161.2781,161.70921,162.49077,161.96394,161.10098,161.13074,161.01517,160.4305,160.78899,160.83351,160.5256,159.87854,160.1093,158.51573,156.89781,154.2447,152.92569,152.10172,155.27574,153.70418,155.67847,154.7551,155.0354,154.82759,155.3111,155.81502,156.8488,156.00616,155.74109,155.25024,156.53236,156.90012,158.03317,159.11409,158.92183,157.64574,157.04909,157.0765,155.83522,155.85419,159.26886,162.1582,166.40898,168.39742,166.65448,168.68445,171.4151,172.97786,174.5632,175.70699,173.2824,173.07463,171.60822,171.42703,171.47336,169.70493,170.352,170.5988,174.66893,172.9348,173.65921,173.44829,172.3274,172.17723,172.4453,172.10167,171.76791,171.18591,170.23172,170.06133,170.94308,172.36209,172.14243,173.26784,172.14993,172.22675,174.38959,174.23969,174.10986,173.93936,174.06238,172.86705,171.9944,171.65955,169.82155,171.63023,172.21526,172.79088,173.36076,173.246,173.40111,173.9064,174.4105,175.82582,175.81625,177.79146,177.26593,177.67503,177.42224,176.44771,175.79475,174.03218,172.00665,168.84624,166.88269,168.35217
e^2,4.923605966,2.127018065,5.59937569,3.838778118,0.1611139321,9.049026586,12.68385487,7.470655562,0.5519598436,0.700569,1.890817505,12.45821734,8.162963268,2.23048251,0.2973739024,2.923347648,19.25612371,11.23355772,7.40873961,5.479297824,0.1687319929,0.0029095236,0.0252873604,6.253700548,0.2350601289,0.18447025,1.29729822,6.52041332,0.41679936,1.460568932,1.90246849,5.981595233,12.304731,5.54461209,5.643902976,1.078025358,1.093572148,0.1799286724,2.428828741,0.89321401,0.30846916,1.815998808,0.00622521,0.2652456004,1.01767744,0.0112699456,0.6543353881,0.5621400576,0.2094343696,8.879684814,5.938140449,0.4171997281,8.654363749,1.948090148,0.7727992281,0.00055225,0.3303720484,2.420544756,14.2970197,20.81001924,6.92226624,2.272315056,2.11853847,14.5584218,8.03665801,3.35673698,2.81165824,0.0299324601,1.92543376,0.8016874369,0.0719419684,5.508549821,0.1393976896,0.1980873049,0.138384,6.45769744,0.0847217449,4.14203904,0.1855800241,0.1431033241,8.10768676,0.1070794729,1.94686209,5.297684789,4.528000968,4.734584328,0.8312333584,0.4779371689,2.982252686,0.4383631681,0.0162741049,1.097968666,3.312654805,17.58334556,0.0226231681,0.0121682961,0.8102520196,1.14627001,12.19671806,5.139515703,0.83612736,5.902713203,5.946038402,0.3597240529,0.6638012676,4.880211174,0.9785957776,1.175056,0.7901254321,1.88677696,7.17972025,0.1326270724,10.78301406,2.156609732,1.425803165,0.4556655009,0.1461074176,4.962691844,21.94688256,6.361391952,16.37537622,3.520276538,0.2995482361,0.3273785089
% Error,1.3972168,0.9110632184,1.469204023,1.261447335,0.2548831598,1.881864248,2.203861386,1.698198198,0.4706322058,0.5314285714,0.8746708225,2.209049944,1.785904488,0.9377032712,0.341123483,1.058884003,2.693622245,2.051821243,1.659695122,1.426875952,0.2534365745,0.03331480452,0.09861093886,1.576460947,0.3002043344,0.2670023623,0.7134293768,1.613286581,0.4038028521,0.7616688725,0.868959869,1.567072467,2.286857031,1.55026664,1.578007307,0.6779939924,0.678039292,0.2767353862,1.011205554,0.614459398,0.3595287416,0.8780231952,0.05077546818,0.331629105,0.6473305955,0.06809493265,0.5167103162,0.4806153846,0.2915090133,1.863822867,1.518557986,0.4043002003,1.88603026,0.8932736,0.5629058078,0.01495862508,0.3674828975,0.988380662,2.31900644,2.736204415,1.556448178,0.9032416562,0.8658140503,2.211913043,1.626915352,1.048075053,0.9514298684,0.09836820559,0.7944123204,0.5146691958,0.156542547,1.388118051,0.2182115722,0.2615750808,0.2188492764,1.467713989,0.1663637403,1.163170829,0.2474524671,0.2185762986,1.680080245,0.1904160605,0.8157263958,1.355518257,1.254368074,1.28744453,0.5384597212,0.4081773632,1.000127411,0.3856086197,0.07405235967,0.6084310765,1.04619762,2.376856365,0.0861750888,0.06326928592,0.5143363236,0.611759328,2.04747611,1.328868699,0.5344867898,1.435649707,1.415563683,0.3482378215,0.4708663238,1.262354286,0.5673874391,0.6218092124,0.5100063113,0.783660429,1.513072449,0.2066973154,1.83347292,0.8192234743,0.6690967164,0.3813728814,0.2159060099,1.278676386,2.737858687,1.470573144,2.409293879,1.123698868,0.3268888491,0.3410239599
MSE,3.80296345,,,,,,,,,,,,,,,,,,,,,,,,,,,,,,,,,,,,,,,,,,,,,,,,,,,,,,,,,,,,,,,,,,,,,,,,,,,,,,,,,,,,,,,,,,,,,,,,,,,,,,,,,,,,,,,,,,,,,,,,,,,
Average % Error,0.955299936,,,,,,,,,,,,,,,,,,,,,,,,,,,,,,,,,,,,,,,,,,,,,,,,,,,,,,,,,,,,,,,,,,,,,,,,,,,,,,,,,,,,,,,,,,,,,,,,,,,,,,,,,,,,,,,,,,,,,,,,,,,
,,,,,,,,,,,,,,,,,,,,,,,,,,,,,,,,,,,,,,,,,,,,,,,,,,,,,,,,,,,,,,,,,,,,,,,,,,,,,,,,,,,,,,,,,,,,,,,,,,,,,,,,,,,,,,,,,,,,,,,,,,,,
LSTM,157.87094,158.94707,159.91063,155.2847,157.34042,159.34663,160.83173,160.39288,157.58572,157.24402,156.95105,159.46442,159.69754,159.09277,159.65742,161.0588,162.29562,162.74603,163.39572,163.58366,161.99316,161.88223,161.27277,158.73076,161.476,160.82657,159.67737,158.43591,159.87608,158.74413,158.74588,156.70403,154.96419,153.53825,152.17952,153.49783,154.44102,153.5074,154.20564,153.85785,154.4876,153.52727,155.36966,155.23141,155.76381,155.84343,156.50519,155.9831,156.98376,159.27423,159.79898,159.36598,156.17024,156.4147,156.26434,157.15782,156.46774,157.42822,161.51736,163.82782,166.0707,165.9204,166.96448,170.18483,172.0702,173.16034,174.63579,174.72826,173.92561,173.39963,171.01875,168.90775,170.91226,170.00076,169.91434,172.98671,174.71408,174.75092,174.05595,173.19362,169.68906,171.76318,170.93132,169.95866,169.80902,169.20949,169.41527,169.43005,172.59755,171.65154,172.22296,172.16614,173.84987,175.77425,174.43564,174.25833,174.90633,174.93237,170.7443,170.67683,171.11682,169.40446,172.22891,172.24155,173.05623,174.97217,174.42697,174.3558,174.2857,175.24309,176.74872,176.07712,178.35353,178.70703,178.22601,177.01567,177.06029,174.29787,171.42995,171.74646,168.95026,168.04195,168.18488,168.27487
e^2,0.8818336836,1.283530385,1.321051397,0.00124609,0.0194825764,0.2533813569,0.5902387929,0.3103826944,0.0752295184,0.0655257604,0.0670551025,0.0995907364,0.0797836516,0.0314104729,0.0410386564,0.16908544,0.3774627844,0.3647797609,0.3651543184,0.2174729956,0.0075411856,0.0007711729,0.0001630729,0.0101525776,0.000576,0.0011175649,0.0007491169,0.0243079281,0.0000153664,0.0054952569,0.0002521744,0.4019940409,2.478074156,2.716728063,2.65533543,0.1280423089,0.0445294404,0.05171076,0.0073342096,0.0022896225,0.00005776,0.0022344529,0.0004137156,0.0047045881,0.0058049161,0.0032001649,0.0020079361,0.00028561,0.0000389376,0.3669572929,0.4502678404,0.1552517604,0.0361912576,0.02712609,0.0089000356,0.0033431524,0.0033339076,0.0003319684,2.34898537,8.364705152,8.81674249,0.94012416,1.31221607,5.360012129,4.75152804,2.721378116,2.573489724,1.326505028,0.5541164721,0.3253219369,0.1032015625,0.0296700625,0.0352463076,0.0222725776,0.0043112356,0.0234978241,0.0604766464,0.0479960464,0.0011594025,0.0152819044,0.0437060836,0.0075377124,0.0140849424,0.0251729956,0.0285677604,0.0397962601,0.0090763729,0.0036060025,0.0052490025,0.0023483716,0.0022127616,0.0029008996,0.0144312169,0.4169930625,0.0108910096,0.0084033889,0.0107474689,0.0060264169,0.03038049,0.0059028489,0.0013557124,0.0304362916,0.0009665881,0.0001334025,0.0006880129,0.0007745089,0.0059243809,0.00066564,0.00001849,0.0013623481,0.1164720384,0.0127418944,0.5572174609,0.3057758209,0.0547513201,0.0002455489,0.0004116841,0.0060637369,0.1023680025,0.0559133316,0.9806148676,1.149076803,0.5698438144,0.2448963169
% Error,0.5913103709,0.7077273863,0.7136284614,0.02272727273,0.08863347727,0.3149014701,0.475414604,0.3461447655,0.1737488914,0.1625269841,0.164715985,0.197509075,0.1765595699,0.1112764488,0.126723383,0.2546603084,0.3771284758,0.3697398225,0.3684634146,0.2842669918,0.05357847976,0.01715150392,0.007918888751,0.06351888041,0.01486068111,0.0207820465,0.01714375196,0.09850265353,0.002451838879,0.04671960673,0.01000441,0.4062471968,1.02626638,1.085160313,1.082377948,0.2336620086,0.13682163,0.1483559499,0.05556709058,0.03110981081,0.004919730709,0.03079880115,0.01308964541,0.04416613007,0.04888988706,0.03628608082,0.02862344299,0.01083333333,0.003974775463,0.3788904178,0.4181591575,0.2466324487,0.1219643544,0.105408,0.06040852917,0.03680458307,0.03691579822,0.01157486818,0.9399816007,1.734752879,1.756566493,0.5809814848,0.6814109809,1.342127536,1.250961263,0.9436874321,0.9102417158,0.654844212,0.4261693479,0.3278553774,0.1874927046,0.1018748521,0.1097253068,0.08771084337,0.03862807389,0.08853528936,0.1405578418,0.125210036,0.01955884887,0.071427746,0.1233537881,0.05052080303,0.06938322128,0.0934393404,0.09963452016,0.1180344358,0.05626624144,0.03545492118,0.04195864945,0.02822364589,0.02730597318,0.03127395192,0.06905213543,0.3660299286,0.05979145182,0.0525781474,0.05923661505,0.04435746529,0.1021867855,0.04503516999,0.02152209493,0.1030904686,0.01804829908,0.006706148755,0.01515922094,0.01590285714,0.04414683109,0.01479951816,0.002467152447,0.02105773619,0.1927155684,0.06406720018,0.4167895031,0.3084737253,0.1311162165,0.008853107345,0.01146068685,0.04469636092,0.1869849804,0.137869512,0.5895808526,0.6420015572,0.4508630472,0.2949517225
MSE,0.4907045028,,,,,,,,,,,,,,,,,,,,,,,,,,,,,,,,,,,,,,,,,,,,,,,,,,,,,,,,,,,,,,,,,,,,,,,,,,,,,,,,,,,,,,,,,,,,,,,,,,,,,,,,,,,,,,,,,,,,,,,,,,,
Average % Error,0.2424281584,,,,,,,,,,,,,,,,,,,,,,,,,,,,,,,,,,,,,,,,,,,,,,,,,,,,,,,,,,,,,,,,,,,,,,,,,,,,,,,,,,,,,,,,,,,,,,,,,,,,,,,,,,,,,,,,,,,,,,,,,,,
,,,,,,,,,,,,,,,,,,,,,,,,,,,,,,,,,,,,,,,,,,,,,,,,,,,,,,,,,,,,,,,,,,,,,,,,,,,,,,,,,,,,,,,,,,,,,,,,,,,,,,,,,,,,,,,,,,,,,,,,,,,,
,0,1,2,3,4,5,6,7,8,9,10,11,12,13,14,15,16,17,18,19,20,21,22,23,24,25,26,27,28,29,30,31,32,33,34,35,36,37,38,39,40,41,42,43,44,45,46,47,48,49,50,51,52,53,54,55,56,57,58,59,60,61,62,63,64,65,66,67,68,69,70,71,72,73,74,75,76,77,78,79,80,81,82,83,84,85,86,87,88,89,90,91,92,93,94,95,96,97,98,99,100,101,102,103,104,105,106,107,108,109,110,111,112,113,114,115,116,117,118,119,120,121,122,123
Target,945.75,944.19,940.08,923.59,930.09,938.93,938.08,944.27,927.66,926.18,920.87,940.4,942.58,936.89,930.5,928.13,935.75,943.63,955.24,951.99,941.48,942.02,949.89,941.41,943.29,946.65,950.44,940.13,935.29,929.75,936.86,947.54,947.55,943.26,934.28,937.43,959.9,964.81,973.72,967.47,972.08,966.78,985.19,993.64,992.31,987.8,1005.65,1005.65,1007.87,1009.35,1011,1012.74,1001.84,1005.07,985.54,988.49,991.46,991.42,1033.67,1033.13,1033.04,1042.6,1042.97,1049.99,1042.68,1052.39,1058.29,1047.72,1044.15,1041.2,1041.64,1036.41,1048.47,1035.89,1034.66,1050.3,1051.92,1056.52,1072.01,1063.29,1037.38,1036.17,1025.07,1011.87,1019.6,1032.72,1044.57,1049.38,1051.97,1048.77,1051.39,1057.47,1072,1085.09,1079.78,1073.56,1070.85,1068.86,1065.85,1060.2,1055.95,1053.4,1073.21,1091.52,1095.76,1110.29,1114.21,1112.79,1110.14,1112.05,1130.65,1130.7,1139.1,1135.97,1143.5,1164.16,1176.17,1171.29,1182.14,1187.56,1186.48,1177.37,1182.22,1181.59
MLP,946.8576,945.54065,941.8531,928.26495,932.7111,939.14746,938.0542,943.0957,930.0311,926.7955,922.06085,939.2318,942.9468,938.1612,931.57635,928.1758,934.92847,942.6057,951.0343,949.61694,940.8805,941.132,948.0733,941.27716,943.33307,945.51025,948.47504,940.01105,936.4499,929.6784,936.30066,945.5438,946.5384,943.63,934.35364,937.86206,954.98706,960.56256,966.3441,964.27893,968.36224,966.146,979.5248,985.80444,987.0197,983.6672,998.02576,1000.57434,1003.351,1005.8271,1007.15735,1009.42773,999.84344,1004.2647,985.25507,988.16986,990.1934,991.07806,1024.6184,1027.9199,1029.1838,1035.8698,1038.4186,1044.7544,1041.4777,1047.3241,1052.9038,1045.5576,1041.2527,1039.847,1040.6827,1035.3309,1045.1193,1037.1431,1035.1185,1048.009,1050.9147,1055.7656,1064.4442,1061.8438,1040.4819,1036.2802,1027.9778,1019.6232,1021.0171,1032.1692,1042.9347,1047.7175,1051.3573,1048.0045,1052.2423,1056.8488,1068.473,1077.8425,1076.6486,1071.5504,1069.7333,1068.1847,1064.8467,1059.599,1055.6763,1053.7151,1071.4113,1087.0623,1091.8317,1100.6418,1105.3083,1107.3015,1107.4154,1109.6233,1123.3888,1125.6123,1131.9717,1130.592,1138.1586,1154.539,1165.1445,1164.7771,1173.672,1180.0919,1181.6423,1175.7495,1179.5021,1179.5366
e^2,1.22677776,1.824255422,3.14388361,21.8551575,6.87016521,0.0472888516,0.00066564,1.37898049,5.62211521,0.37884025,1.418123722,1.36469124,0.13454224,1.61594944,1.158529323,0.00209764,0.6749115409,1.04919049,17.68791249,5.631413764,0.35940025,0.788544,3.30039889,0.0176464656,0.0018550249,1.299030062,3.861067802,0.0141491025,1.34536801,0.00512656,0.3128612356,3.98481444,1.02333456,0.1369,0.0054228496,0.1866758436,24.13697944,18.04074655,54.40390081,10.18292774,13.82173942,0.401956,32.09449104,61.39600051,27.98727409,17.08003584,58.12903558,25.76232444,20.421361,12.41082441,14.76595902,10.97113255,3.986251834,0.64850809,0.0811851049,0.1024896196,1.60427556,0.1169229636,81.93146256,27.14514201,14.87027844,45.29559204,20.71524196,27.41150736,1.44552529,25.66334281,29.01115044,4.67597376,8.39434729,1.830609,0.91642329,1.16445681,11.22719049,1.57025961,0.21022225,5.248681,1.01062809,0.56911936,57.24132964,2.09149444,9.62178361,0.01214404,8.45530084,60.11211024,2.00817241,0.30338064,2.67420609,2.76390625,0.37540129,0.58599025,0.72641529,0.38588944,12.439729,52.52625625,9.80566596,4.03849216,1.24701889,0.45603009,1.00661089,0.361201,0.07491169,0.09928801,3.23532169,19.87108929,15.43154089,93.08776324,79.24026289,30.12363225,7.42344516,5.88887289,52.72502544,25.88469129,50.81266089,28.922884,28.53055396,92.563641,121.5616502,42.41786641,71.707024,55.77251761,23.40334129,2.62602025,7.38698041,4.21645156
% Error,0.1171134021,0.143048539,0.1886116075,0.5061715696,0.2818114376,0.02316040599,0.002750298482,0.1243606172,0.2556001121,0.06645576454,0.1293179276,0.1242237346,0.0389144688,0.135682951,0.1156743686,0.004934653551,0.08779374833,0.1085489016,0.4402767891,0.2492736268,0.06367633938,0.09426551453,0.1912537241,0.01411074877,0.004565934124,0.1203982464,0.2067421405,0.0126525055,0.1240150114,0.007700994891,0.05970369105,0.210671845,0.1067595378,0.03922566419,0.007882005395,0.04608984137,0.5118178977,0.4402359014,0.7574970217,0.3298365841,0.382454119,0.06557851838,0.5750362874,0.7885713136,0.5331297679,0.4183842883,0.7581405061,0.5047143638,0.4483713177,0.3490266013,0.3800840752,0.3270602524,0.1992893077,0.08012377247,0.02891105384,0.03238677174,0.1277509935,0.03448992354,0.8756759894,0.5043024595,0.3732866104,0.6455208134,0.4363883908,0.4986333203,0.1153086278,0.4813709746,0.5089531225,0.2063910205,0.2774792894,0.1299462159,0.09190315272,0.1041190263,0.3195799594,0.1209684426,0.04431407419,0.2181281539,0.09556810404,0.07140423276,0.7057583418,0.1360118124,0.2990128979,0.01063532046,0.2836684324,0.7662249103,0.1389858768,0.05333488264,0.156552457,0.1584268806,0.05824310579,0.07299026479,0.08106411512,0.05874398328,0.329011194,0.667916947,0.2900035192,0.1871902828,0.1042816454,0.06317946223,0.09413144439,0.05668741747,0.02591978787,0.02991266376,0.1676000037,0.4083937995,0.3585000365,0.8689801764,0.7989247987,0.493219745,0.2454285045,0.2182186053,0.6422146553,0.4499602016,0.6257835133,0.4734279955,0.4671097508,0.8264327927,0.9374070075,0.5560450444,0.7163280153,0.6288608576,0.4077354865,0.1376372763,0.2298979885,0.1737827842
MSE,15.32925425,,,,,,,,,,,,,,,,,,,,,,,,,,,,,,,,,,,,,,,,,,,,,,,,,,,,,,,,,,,,,,,,,,,,,,,,,,,,,,,,,,,,,,,,,,,,,,,,,,,,,,,,,,,,,,,,,,,,,,,,,,,
Average % Error,0.276656032,,,,,,,,,,,,,,,,,,,,,,,,,,,,,,,,,,,,,,,,,,,,,,,,,,,,,,,,,,,,,,,,,,,,,,,,,,,,,,,,,,,,,,,,,,,,,,,,,,,,,,,,,,,,,,,,,,,,,,,,,,,
,,,,,,,,,,,,,,,,,,,,,,,,,,,,,,,,,,,,,,,,,,,,,,,,,,,,,,,,,,,,,,,,,,,,,,,,,,,,,,,,,,,,,,,,,,,,,,,,,,,,,,,,,,,,,,,,,,,,,,,,,,,,
CONVOLUTION,947.228,944.4559,949.34766,942.15753,933.98157,942.4856,939.3758,939.5357,941.61346,940.2341,932.1887,926.75433,938.4385,938.33484,939.91833,935.9478,936.00726,937.13873,942.75836,946.1846,944.5922,941.10034,940.9343,935.9908,940.48627,940.185,943.8468,945.55963,942.6238,938.1197,938.2595,938.7012,940.05493,941.9615,940.8349,937.83905,944.1667,951.4193,964.5179,968.4775,964.3644,965.9988,969.14575,978.83356,987.5304,990.7327,991.3852,992.866,999.4825,995.70734,1007.7172,1006.1597,1008.9312,998.25195,1002.34973,995.82904,984.13635,991.1081,1007.2414,1021.4,1023.89484,1026.1128,1034.1311,1038.5754,1041.9265,1047.5682,1049.397,1054.467,1049.7146,1047.4216,1039.6646,1045.0222,1035.7354,1035.5381,1034.5304,1034.7191,1038.01,1054.125,1054.9701,1063.9595,1052.753,1047.8882,1032.9075,1023.53986,1021.90314,1030.0526,1034.8887,1037.5055,1037.2396,1042.7164,1047.5415,1057.0171,1050.4526,1061.9854,1067.3336,1064.1564,1063.0883,1063.2491,1062.4746,1065.6907,1063.6796,1063.7733,1057.9463,1067.8517,1081.0687,1090.4624,1104.8823,1104.0005,1107.6919,1108.861,1112.6992,1121.9515,1124.3176,1131.301,1129.6653,1136.0638,1154.3204,1162.4064,1175.0717,1188.5736,1188.6165,1182.0621,1181.7227,1183.2943
e^2,2.184484,0.07070281,85.88952188,344.7531703,15.14431706,12.64229136,1.67909764,22.41359649,194.699046,197.5177268,128.1129697,186.2043097,17.15202225,2.087562626,88.70493999,61.11799684,0.0661827076,42.13658621,155.7913371,33.70266916,9.68578884,0.8457745156,80.20456249,29.36772864,7.860901913,41.796225,43.47028624,29.48088194,53.78462244,70.05187809,1.95860025,78.12438544,56.1760743,1.68610225,42.96671401,0.1673219025,247.5367289,179.3108465,84.67864441,1.01505625,59.53048336,0.61027344,257.4179581,219.2306655,22.84457616,8.60072929,203.484519,163.430656,70.35015625,186.1221719,10.77677584,43.30034809,50.28511744,46.4858058,282.5670227,53.86150812,53.63584932,0.09728161,698.470898,137.5929,83.63395143,271.8277638,78.12615321,130.2930932,0.56776225,23.24975524,79.085449,45.522009,30.96477316,38.70830656,3.90220516,74.16998884,162.1700372,0.12383361,0.01679616,242.7644448,193.4881,5.736025,290.358192,0.44823025,236.329129,137.3162112,61.42640625,136.1856324,5.30445386,7.11502276,93.72756969,141.0037503,216.9846842,36.64607296,14.81095225,0.20511841,464.2904468,533.8225412,154.912873,88.42769296,60.24398689,31.48219881,11.39332516,30.14778649,59.74671616,107.6053529,232.9805377,560.1884249,215.8342957,393.1337218,87.00598729,77.25531025,5.99319361,10.169721,322.2312206,76.53625225,218.5193498,21.799561,191.3989241,789.3964544,477.4050202,78.91834896,49.96086489,1.02738496,4.56463225,22.01580241,0.24730729,2.90463849
% Error,0.1562780862,0.02816170474,0.9858373755,2.010364989,0.418407896,0.378686377,0.1381332083,0.5013714298,1.504156695,1.517426418,1.229131148,1.451049553,0.4393791508,0.1542166103,1.012179473,0.8423173478,0.02749238579,0.6879041573,1.306649638,0.60981733,0.3305646429,0.09762637736,0.9428144311,0.5756471675,0.297228848,0.6829345587,0.6936997601,0.5775403402,0.7841204332,0.9002097338,0.1493819781,0.9328155012,0.7909946705,0.1376608782,0.7015990923,0.0436352581,1.639056152,1.387910573,0.9450458037,0.104137596,0.7937206814,0.08080431949,1.628543733,1.490121171,0.4816639961,0.2968920834,1.418465669,1.27121762,0.8322005814,1.351628276,0.3247082097,0.6497521575,0.7078176156,0.678365686,1.705636504,0.7424495948,0.7386732697,0.03145992617,2.556773438,1.135384705,0.8852667854,1.581354307,0.8474740405,1.087115115,0.07226569993,0.4581761514,0.8403178713,0.6439697629,0.5329310923,0.5975412985,0.1896432549,0.8309645797,1.214588877,0.0339707884,0.0125258539,1.483471389,1.322343904,0.2266876159,1.589528083,0.06296494841,1.481906341,1.130914811,0.764581931,1.153296372,0.2258866222,0.2582887908,0.9268215629,1.131572929,1.400268068,0.577209493,0.3660392433,0.04282863816,2.010018657,2.129279599,1.152679249,0.8759268229,0.7248167344,0.5249424621,0.3166862129,0.5178928504,0.7320043563,0.9847446364,1.422247277,2.168379874,1.340740673,1.785803709,0.8371581659,0.7898615192,0.220521736,0.2867676813,1.58765312,0.7737242416,1.297726275,0.4110143754,1.209855706,2.413431143,1.85769064,0.7584458162,0.5979241037,0.08535147698,0.1800704605,0.3985238285,0.04206492869,0.144237849
MSE,108.4250572,,,,,,,,,,,,,,,,,,,,,,,,,,,,,,,,,,,,,,,,,,,,,,,,,,,,,,,,,,,,,,,,,,,,,,,,,,,,,,,,,,,,,,,,,,,,,,,,,,,,,,,,,,,,,,,,,,,,,,,,,,,
Average % Error,0.8191997291,,,,,,,,,,,,,,,,,,,,,,,,,,,,,,,,,,,,,,,,,,,,,,,,,,,,,,,,,,,,,,,,,,,,,,,,,,,,,,,,,,,,,,,,,,,,,,,,,,,,,,,,,,,,,,,,,,,,,,,,,,,
,,,,,,,,,,,,,,,,,,,,,,,,,,,,,,,,,,,,,,,,,,,,,,,,,,,,,,,,,,,,,,,,,,,,,,,,,,,,,,,,,,,,,,,,,,,,,,,,,,,,,,,,,,,,,,,,,,,,,,,,,,,,
LSTM,946.4499,944.8692,941.49603,928.1832,932.8755,940.1492,938.99646,944.7059,928.64935,927.22266,922.55023,939.72046,941.51227,936.1689,930.4164,928.36084,935.5328,943.06085,952.3043,950.6113,941.04193,941.3043,948.73865,940.7186,942.815,945.9185,949.2553,939.47705,934.756,929.96387,936.64746,946.9588,947.1116,942.9679,934.5063,937.4191,956.93054,961.6601,967.32086,964.8365,968.3031,964.6179,979.1856,986.239,987.46375,984.5824,998.6801,999.9233,1002.86554,1004.78876,1006.7527,1008.7598,999.3526,1002.97815,984.06146,987.71954,990.68335,990.70764,1026.3708,1029.1399,1029.5027,1036.4764,1037.5864,1044.042,1039.5516,1048.341,1053.452,1045.3047,1042.2556,1039.3479,1039.7736,1034.5581,1046.5834,1034.235,1033.7399,1049.2031,1050.8079,1055.0735,1064.7571,1061.7424,1038.7139,1035.733,1027.9598,1019.1819,1021.91565,1033.2922,1044.901,1049.4413,1051.4989,1048.0739,1050.5947,1056.3419,1068.7871,1078.9722,1076.8418,1071.838,1069.5211,1067.8423,1065.0894,1059.3588,1054.7413,1052.286,1071.8853,1087.7183,1091.4094,1101.4957,1106.0806,1107.2665,1106.4325,1108.8323,1123.9948,1125.5754,1132.9973,1131.3202,1137.8835,1154.5449,1165.5133,1164.2566,1174.0376,1179.6605,1180.3417,1173.4907,1178.1348,1177.557
e^2,0.48986001,0.46131264,2.005140961,21.09748624,7.75901025,1.48644864,0.8398989316,0.19000881,0.9788134225,1.087139876,2.823172853,0.4617746116,1.140047353,0.51998521,0.00698896,0.0532871056,0.04717584,0.3239317225,8.61833449,1.90081369,0.1919053249,0.51222649,1.325606822,0.47803396,0.225625,0.53509225,1.40351409,0.4263437025,0.285156,0.0457403769,0.0451732516,0.33779344,0.19219456,0.08532241,0.05121169,0.00011881,8.817692692,9.92187001,40.94899274,6.93532225,14.26497361,4.67467641,36.05281936,54.774801,23.48613906,10.35294976,48.57950601,32.79509289,25.04461989,20.80491034,18.03955729,15.84199204,6.18715876,4.375836423,2.186080532,0.5936086116,0.6031852225,0.5074567696,53.27832064,15.92089801,12.51249129,37.49847696,28.98314896,35.378704,9.78688656,16.394401,23.406244,5.83367409,3.58875136,3.43027441,3.48344896,3.42953361,3.55925956,2.739025,0.84658401,1.20318961,1.23676641,2.09236225,52.60455841,2.39506576,1.77928921,0.190969,8.35094404,53.46388161,5.362234923,0.32741284,0.109561,0.00375769,0.22193521,0.48455521,0.63250209,1.27260961,10.32272641,37.42747684,8.63301924,2.965284,1.76597521,1.03571329,0.57851236,0.70761744,1.46095569,1.240996,1.75483009,14.45292289,18.92772036,77.33971249,66.08714436,30.50905225,13.74555625,10.35359329,44.29168704,26.26152516,37.24294729,21.62064004,31.54507225,92.45014801,113.5652549,49.46871556,65.64888576,62.40210025,37.67872689,15.04896849,16.68885904,16.265089
% Error,0.07400475813,0.07193467417,0.1506286699,0.4973202395,0.2994871464,0.1298499356,0.09769529251,0.04616264416,0.1066500658,0.112576389,0.1824611509,0.07226074011,0.1132773876,0.07696741346,0.00898441698,0.02487151584,0.02321132781,0.06031495395,0.3073259076,0.1448229498,0.0465299316,0.07597503238,0.1212087715,0.07344302695,0.05035567005,0.07727248719,0.1246475317,0.06945316073,0.05709459098,0.02300295778,0.0226864206,0.06133777994,0.04626668777,0.03096707165,0.02422186068,0.001162753486,0.3093509741,0.3264787886,0.657184817,0.2722048229,0.3885379804,0.2236392975,0.6094661943,0.7448371644,0.4883806472,0.3257339542,0.6930741312,0.5694525929,0.496538244,0.4518987467,0.4201088032,0.3930130142,0.248283159,0.208129782,0.1500233375,0.07794312537,0.07833397212,0.0718524944,0.7061441272,0.3862147068,0.342416557,0.5873393439,0.5161797559,0.5664815855,0.3000345264,0.3847432986,0.4571525763,0.230529149,0.1814298712,0.1778812908,0.179178987,0.1786841115,0.1799383864,0.1597659983,0.08892776371,0.1044368276,0.1057209674,0.136911748,0.6765701812,0.1455482512,0.128583547,0.04217454665,0.2819124548,0.7226125886,0.227113574,0.05540708033,0.0316876801,0.005841544531,0.04478264589,0.06637298931,0.07564272059,0.1066791493,0.2997108209,0.5638057673,0.2721109856,0.1604009091,0.1240976794,0.09521359205,0.07136088568,0.07934352009,0.114465647,0.1057528005,0.123433438,0.348294122,0.3970394977,0.7920723415,0.7296111146,0.4963649925,0.3339668871,0.2893485005,0.5886171671,0.4532236668,0.53574752,0.4093241899,0.4911674683,0.8259259896,0.906050996,0.6004832279,0.6854010523,0.6651874432,0.5173538534,0.329488606,0.3455532811,0.3413197471
MSE,14.23798449,,,,,,,,,,,,,,,,,,,,,,,,,,,,,,,,,,,,,,,,,,,,,,,,,,,,,,,,,,,,,,,,,,,,,,,,,,,,,,,,,,,,,,,,,,,,,,,,,,,,,,,,,,,,,,,,,,,,,,,,,,,
Average % Error,0.2692191742,,,,,,,,,,,,,,,,,,,,,,,,,,,,,,,,,,,,,,,,,,,,,,,,,,,,,,,,,,,,,,,,,,,,,,,,,,,,,,,,,,,,,,,,,,,,,,,,,,,,,,,,,,,,,,,,,,,,,,,,,,,
,,,,,,,,,,,,,,,,,,,,,,,,,,,,,,,,,,,,,,,,,,,,,,,,,,,,,,,,,,,,,,,,,,,,,,,,,,,,,,,,,,,,,,,,,,,,,,,,,,,,,,,,,,,,,,,,,,,,,,,,,,,,
,0,1,2,3,4,5,6,7,8,9,10,11,12,13,14,15,16,17,18,19,20,21,22,23,24,25,26,27,28,29,30,31,32,33,34,35,36,37,38,39,40,41,42,43,44,45,46,47,48,49,50,51,52,53,54,55,56,57,58,59,60,61,62,63,64,65,66,67,68,69,70,71,72,73,74,75,76,77,78,79,80,81,82,83,84,85,86,87,88,89,90,91,92,93,94,95,96,97,98,99,100,101,102,103,104,105,106,107,108,109,110,111,112,113,114,115,116,117,118,119,120,121,122,123
Target,143.47,142.11,141.77,141.84,141.84,142.32,142.07,142.5,140.7,139.7,140.33,141.01,142.14,142.94,143.74,142.51,143.14,142.56,143.03,144.08,143.04,143.82,142.9,142.45,144.86,145.76,145.99,145.54,144.82,144.55,144.39,145.88,145.26,145.13,145.87,146.56,145.66,145.66,145.08,146.66,146.78,146.48,146.72,146.48,147.39,148.5,147.62,147.03,147.1,146.83,146.54,159.53,160.9,162.07,159.55,155.88,153.495,153.6,153.68,154.36,154.06,154.03,153.35,151.58,150.84,151.35,151.57,150.3,149.16,148.4,148.89,147.1,149.12,148.97,150.51,151.95,151.77,151.84,151.98,152.47,153.55,153.97,154.76,156.46,155.35,154.1,153.57,154.81,155.41,156.74,153.91,154,152.5,153.33,153.23,152.95,151.5,152.5,152.83,153.13,154.04,153.42,154.25,158.49,161.7,162.49,163.47,163.83,164.18,164.2,163.14,163.85,168.65,169.12,162.37,162.6,166.25,165.37,165.47,167.34,166.8,163.62,163.7,162.4
MLP,143.74863,142.75264,142.2791,142.25195,142.20341,142.62102,142.40453,142.69382,141.22346,140.4169,140.81076,141.3218,142.14735,142.8379,143.5024,142.58424,143.02876,142.51358,142.97583,143.71254,143.03264,143.5813,142.81453,142.49835,144.36833,145.17049,145.43417,145.20152,144.70851,144.45007,144.3949,145.36313,145.13905,145.08044,145.68115,146.2325,145.57065,145.50975,145.20241,146.23965,146.51086,146.18478,146.5725,146.3787,147.01526,147.82529,147.44923,146.97987,146.96689,146.77121,146.51787,149.46153,155.76756,158.33968,158.01904,155.23466,153.5655,153.37526,153.67154,154.69781,153.99591,153.94946,153.41348,151.42014,151.31483,151.56499,151.80273,150.71516,149.84659,148.887,149.52255,147.87822,149.54243,149.39919,150.5835,151.75815,151.68925,151.64723,151.89346,152.22714,153.29063,153.44049,153.97243,155.12994,154.84663,153.81331,153.43613,154.49637,154.91754,156.00569,154.019,153.9428,152.43707,153.39665,153.2305,153.10376,151.8899,152.51805,152.95393,153.02905,153.81505,153.46161,154.172,156.95038,158.27824,160.04155,161.51704,162.3213,162.97765,163.00629,162.37334,163.0212,166.27448,167.45995,162.10115,162.39255,165.72069,165.10754,164.88878,166.93686,166.7054,163.52042,163.66216,162.37445
e^2,0.0776346769,0.4129861696,0.25918281,0.1697028025,0.1320668281,0.0906130404,0.1119103209,0.0375661924,0.2740103716,0.51394561,0.2311301776,0.09721924,0.0000540225,0.01042441,0.05645376,0.0055115776,0.0123743376,0.0021548164,0.0029343889,0.1350268516,0.0000541696,0.05697769,0.0073051209,0.0023377225,0.2417393889,0.3475220401,0.3089469889,0.1145687104,0.0124300201,0.0099860049,0.00002401,0.2671545969,0.0146289025,0.0024561936,0.0356643225,0.10725625,0.0079834225,0.0225750625,0.0149842081,0.1766941225,0.0724363396,0.0871548484,0.02175625,0.01026169,0.1404300676,0.4552335841,0.0291623929,0.0025130169,0.0177182721,0.0034562641,0.0004897369,101.3740881,26.34194035,13.9152873,2.343838522,0.4164637156,0.00497025,0.0505080676,0.0000715716,0.1141155961,0.0041075281,0.0064866916,0.0040297104,0.0255552196,0.2254635289,0.0462207001,0.0541632529,0.1723578256,0.4714058281,0.237169,0.4001195025,0.6056263684,0.1784471049,0.1842040561,0.00540225,0.0368064225,0.0065205625,0.0371602729,0.0074891716,0.0589809796,0.0672727969,0.2803808401,0.6202665049,1.769059604,0.2533813569,0.0821911561,0.0179211769,0.0983637769,0.2425168516,0.5392111761,0.011881,0.00327184,0.0039601849,0.0044422225,0.00000025,0.0236421376,0.15202201,0.0003258025,0.0153586449,0.0101909025,0.0506025025,0.0017313921,0.006084,2.370429744,11.7084415,5.994907403,3.814052762,2.27617569,1.445645522,1.424943564,0.5877675556,0.68690944,5.64309527,2.755766003,0.0722803225,0.0430355025,0.2801690761,0.0688852516,0.3378166884,0.1625218596,0.00894916,0.0099161764,0.0014318656,0.0006528025
% Error,0.1942078483,0.4522130744,0.3591027721,0.2904328821,0.2562112239,0.2115092749,0.2354684311,0.1360140351,0.372039801,0.5131710809,0.3425924606,0.2211190696,0.00517095821,0.07142857143,0.1652984555,0.05209458985,0.07771412603,0.0325617284,0.03787317346,0.2550388673,0.00514541387,0.1659713531,0.05981105668,0.03394173394,0.3394104653,0.4044388035,0.380731557,0.2325683661,0.07698522304,0.06913178831,0.003393586814,0.3543117631,0.08326449126,0.03414869427,0.1294645918,0.2234579694,0.06134148016,0.103151174,0.08437413841,0.2866153007,0.183362856,0.2015428727,0.1005316249,0.0691561988,0.2542506276,0.4543501684,0.1156821569,0.03409508264,0.09048946295,0.04003950146,0.01510167872,6.311333292,3.189832194,2.301672117,0.9595487308,0.4139979471,0.04592983485,0.1463151042,0.005504945341,0.2188455558,0.04160067506,0.05228851522,0.04139550049,0.1054624621,0.3147905065,0.1420482326,0.1535462163,0.2762208916,0.4603043711,0.3281671159,0.4248438444,0.5290414684,0.2832819206,0.2881049876,0.04883396452,0.1262586377,0.05320550833,0.1269560063,0.05694170286,0.1592837935,0.1689156627,0.3439046568,0.508897648,0.8500958711,0.3240231735,0.1860415315,0.08717197369,0.2025902719,0.3168779358,0.4684892178,0.07082060945,0.03714285714,0.04126557377,0.04346833627,0.000326306859,0.1005295848,0.257359736,0.01183606557,0.08109010011,0.06592437798,0.1460334978,0.02712162691,0.05056726094,0.9714303742,2.116116265,1.50683119,1.194690157,0.9208936092,0.73233646,0.7269853837,0.4699399289,0.5058285017,1.408550252,0.9815811258,0.1655786167,0.1275830258,0.3183819549,0.1587107698,0.3512540037,0.2409107207,0.0567146283,0.0608605305,0.0231154551,0.01573275862
MSE,1.584690924,,,,,,,,,,,,,,,,,,,,,,,,,,,,,,,,,,,,,,,,,,,,,,,,,,,,,,,,,,,,,,,,,,,,,,,,,,,,,,,,,,,,,,,,,,,,,,,,,,,,,,,,,,,,,,,,,,,,,,,,,,,
Average % Error,0.3550128971,,,,,,,,,,,,,,,,,,,,,,,,,,,,,,,,,,,,,,,,,,,,,,,,,,,,,,,,,,,,,,,,,,,,,,,,,,,,,,,,,,,,,,,,,,,,,,,,,,,,,,,,,,,,,,,,,,,,,,,,,,,
,,,,,,,,,,,,,,,,,,,,,,,,,,,,,,,,,,,,,,,,,,,,,,,,,,,,,,,,,,,,,,,,,,,,,,,,,,,,,,,,,,,,,,,,,,,,,,,,,,,,,,,,,,,,,,,,,,,,,,,,,,,,
CONVOLUTION,144.16348,142.10712,141.53348,142.67415,142.0797,141.68143,142.60367,142.05312,141.96721,140.54628,140.12587,141.12347,141.664,141.8681,142.5327,142.92378,143.51372,143.0673,142.59224,142.67943,142.9862,143.26749,143.25885,143.18697,143.6973,144.25201,144.95296,144.95193,144.96674,144.85594,144.29796,144.99161,144.67674,144.67693,145.14209,145.54941,145.66702,145.18073,145.46552,145.59064,145.93439,145.885,146.44283,146.20602,146.86691,147.53807,147.49855,147.07837,147.04532,146.83032,146.19824,148.54007,156.92143,159.11224,160.89175,160.13957,158.85686,155.84671,153.93124,155.31439,155.72676,154.22778,151.44067,151.56152,152.59276,151.3493,151.40872,150.34288,149.90164,151.76053,149.16507,149.25943,148.8274,150.01852,150.38493,150.56459,150.44345,151.97946,151.71347,151.63869,152.27643,152.84636,152.9988,154.07233,155.88605,154.59274,153.95627,153.21135,153.77524,154.50795,154.15607,155.02495,154.07048,152.92885,153.0722,153.62555,152.93272,151.71933,152.63206,152.63101,153.03787,152.98985,154.41411,154.81831,156.99893,160.49968,160.37054,161.51112,162.72487,163.20337,163.01129,162.05453,165.08232,167.58025,165.09079,162.2436,162.54912,163.3136,163.28777,163.75284,164.61339,165.67857,164.76045,164.42116
e^2,0.4809145104,0.0000082944,0.0559417104,0.6958062225,0.05745609,0.4077716449,0.2848036689,0.1997017344,1.605821184,0.7161898384,0.0416690569,0.0128754409,0.226576,1.14896961,1.45757329,0.1712138884,0.1396666384,0.25735329,0.1916338176,1.961596325,0.00289444,0.3052673001,0.1287733225,0.5431247809,1.35187129,2.27403384,1.075451962,0.3458263249,0.0215326276,0.0935992836,0.0084713616,0.7892367921,0.3401922276,0.2052724249,0.5298529681,1.021292148,0.0000492804,0.2296997329,0.1486256704,1.14353081,0.7150562721,0.354025,0.0768232089,0.0750650404,0.2736231481,0.9253093249,0.0147501025,0.0023396569,0.0029899024,0.0000001024,0.1167998976,120.7785614,15.82901924,8.748344218,1.800293062,18.14393658,28.74954266,5.047705824,0.0631215376,0.9108602721,2.778088898,0.0391169284,3.645541049,0.0003415104,3.072167618,0.00000049,0.0260112384,0.0018386944,0.5500298896,11.29316188,0.0756635049,4.663137925,0.08561476,1.09939419,0.0156425049,1.919360868,1.759734902,0.0194490916,0.0710382409,0.6910763161,1.621980545,1.26256685,3.10182544,5.700968029,0.2873496025,0.2427927076,0.1492045129,2.555681822,2.672440258,4.982047203,0.0605504449,1.050522502,2.46640743,0.1609213225,0.02490084,0.4563678025,2.052686598,0.6094456489,0.0391802436,0.2489910201,1.004264537,0.1850290225,0.0269320921,13.48130746,22.10005914,3.961373702,9.606652292,5.377204454,2.117403317,0.9932713569,0.0165662641,3.223712521,12.72834058,2.370830062,7.402698224,0.12702096,13.69651277,4.22878096,4.762127773,12.86771687,4.781263292,4.237710445,1.124554203,4.085087746
% Error,0.4833623754,0.002026599113,0.1668336037,0.5880922166,0.1689932318,0.4486860596,0.3756387696,0.3136,0.9006467662,0.6057838225,0.1454642628,0.08046947025,0.3348811031,0.7498950609,0.8399192987,0.2903515543,0.2610870476,0.3558501684,0.3060616654,0.9720780122,0.03761185682,0.3841677096,0.2511196641,0.5173534574,0.8026370289,1.034570527,0.710350024,0.4040607393,0.1013257837,0.2116499481,0.06374402659,0.6089868385,0.4015282941,0.3121821815,0.4990128196,0.6895401201,0.004819442537,0.3290333654,0.2657292528,0.7291422337,0.5761070991,0.4061987985,0.1889108506,0.1870425997,0.3549019608,0.6477643098,0.08227204986,0.03289804802,0.03717199184,0.0002179391133,0.2332195987,6.888942519,2.472697328,1.824989202,0.840958947,2.732595586,3.493182188,1.462701823,0.1634825612,0.6182884167,1.081890173,0.1284035577,1.245079883,0.012191582,1.16199947,0.0004625041295,0.1064062809,0.02852960745,0.4972110485,2.264508086,0.1847471288,1.46800136,0.1962178112,0.703846412,0.08309746861,0.9117538664,0.8740528431,0.09184668072,0.1753717594,0.5452285696,0.829417128,0.7297785283,1.13802016,1.526057778,0.345059543,0.3197534069,0.2515269909,1.032652929,1.051901422,1.424046191,0.1598791502,0.6655519481,1.029822951,0.2616252527,0.1029824447,0.4416802877,0.945689769,0.5119147541,0.1295164562,0.3258603801,0.6505647884,0.2803741364,0.1063922204,2.316669821,2.907278912,1.224887685,1.896042087,1.415418422,0.8863016202,0.6069610231,0.07889542724,1.095801038,2.115434331,0.9104482025,1.675672846,0.2191881919,2.226093233,1.243514543,1.318807035,2.143635712,1.310917266,1.258140814,0.6478008552,1.24455665
MSE,3.381935231,,,,,,,,,,,,,,,,,,,,,,,,,,,,,,,,,,,,,,,,,,,,,,,,,,,,,,,,,,,,,,,,,,,,,,,,,,,,,,,,,,,,,,,,,,,,,,,,,,,,,,,,,,,,,,,,,,,,,,,,,,,
Average % Error,0.764162989,,,,,,,,,,,,,,,,,,,,,,,,,,,,,,,,,,,,,,,,,,,,,,,,,,,,,,,,,,,,,,,,,,,,,,,,,,,,,,,,,,,,,,,,,,,,,,,,,,,,,,,,,,,,,,,,,,,,,,,,,,,
,,,,,,,,,,,,,,,,,,,,,,,,,,,,,,,,,,,,,,,,,,,,,,,,,,,,,,,,,,,,,,,,,,,,,,,,,,,,,,,,,,,,,,,,,,,,,,,,,,,,,,,,,,,,,,,,,,,,,,,,,,,,
LSTM,143.93121,142.68918,142.27335,142.22095,142.15599,142.54948,142.3198,142.61299,141.04556,140.29475,140.64435,141.1854,142.19519,142.94373,143.69183,142.45238,143.13988,142.53923,143.07053,143.98016,142.99808,143.69574,142.8614,142.45285,144.59605,145.29553,145.59198,145.34282,144.7605,144.52542,144.37123,145.72217,145.18188,145.05136,145.707,146.28215,145.54684,145.57332,145.01796,146.53075,146.64764,146.37634,146.56848,146.31416,147.14548,147.8803,147.54929,147.0178,147.08636,146.82724,146.5426,149.74834,157.10805,159.39816,158.63493,155.67435,153.49919,153.71356,153.77629,154.37125,153.9629,153.90959,153.22798,151.51907,150.85469,151.3291,151.48804,150.16403,149.0537,148.35371,148.83244,147.70271,149.29463,149.14053,150.60002,151.94862,151.76094,151.83858,151.95293,152.46036,153.40787,153.71161,154.33679,155.50519,155.08006,154.05022,153.55792,154.70381,155.23105,156.37657,153.91026,154.08784,152.62016,153.5221,153.41853,153.15533,151.81546,152.65639,152.95364,153.24454,154.13603,153.51718,154.34946,157.31335,158.96458,160.6819,161.80142,162.51399,163.09528,163.3738,162.65073,163.33476,167.20833,167.94714,162.43852,162.82466,166.26959,165.40225,165.54834,167.25943,166.68544,163.53636,163.68567,162.6136
e^2,0.2127146641,0.3354494724,0.2533612225,0.1451229025,0.0998496801,0.0526610704,0.06240004,0.0127667401,0.1194117136,0.3537275625,0.0988159225,0.03076516,0.0030459361,0.0000139129,0.0023203489,0.0033200644,0.0000000144,0.0004313929,0.0016426809,0.0099680256,0.0017572864,0.0154405476,0.00148996,0.0000081225,0.0696696025,0.2157323809,0.1584199204,0.0388799524,0.00354025,0.0006041764,0.0003523129,0.0249103089,0.0061027344,0.0061842496,0.026569,0.0772006225,0.0128051856,0.0075134224,0.0038489616,0.0167055625,0.0175191696,0.0107453956,0.0229583104,0.0275029056,0.0597900304,0.38402809,0.0049999041,0.00014884,0.0001860496,0.0000076176,0.00000676,95.68087236,14.3788848,7.138728986,0.8373531049,0.0422919225,0.0000175561,0.0128958736,0.0092717641,0.0001265625,0.00942841,0.0144985681,0.0148888804,0.0037124649,0.0002157961,0.00043681,0.0067174416,0.0184878409,0.01129969,0.0021427641,0.0033131536,0.3632593441,0.0304956369,0.0290804809,0.0081036004,0.0000019044,0.0000820836,0.0000020164,0.0007327849,0.0000929296,0.0202009369,0.0667653921,0.1791067041,0.9116621361,0.0728676036,0.0024780484,0.0001459264,0.0112763161,0.0320231025,0.1320813649,0.0000000676,0.0077158656,0.0144384256,0.03690241,0.0355435609,0.0421604089,0.0995150116,0.0244578321,0.0152868496,0.0131194116,0.0092217609,0.0094439524,0.0098922916,1.384505222,7.482522576,3.26922561,2.784159216,1.73188232,1.176617478,0.68260644,0.2393851329,0.2654722576,2.078412389,1.37560058,0.0046949904,0.0504721156,0.0003837681,0.0010400625,0.0061371556,0.0064915249,0.0131239936,0.0069956496,0.0002053489,0.04562496
% Error,0.3214679027,0.4075575259,0.355046907,0.2685772702,0.2227791878,0.1612422709,0.1758288168,0.07929122807,0.2456005686,0.4257337151,0.2240076961,0.1243883413,0.03882791614,0.002609486498,0.03351189648,0.04043225037,0.00008383400865,0.01456930415,0.02833671258,0.0692948362,0.0293064877,0.08639966625,0.02701189643,0.002000702001,0.1822104101,0.3186539517,0.272635112,0.1354816545,0.04108548543,0.01700449671,0.0129995152,0.1081916644,0.05377942999,0.05418590229,0.1117433331,0.189581059,0.07768776603,0.05950844432,0.04276261373,0.08812900586,0.09017577327,0.07076734025,0.1032715376,0.1132168214,0.1658999932,0.4173063973,0.04790001355,0.008297626335,0.009272603671,0.001879724852,0.001774259588,6.131548925,2.356712244,1.648571605,0.5735318082,0.1319284065,0.00272973061,0.07393229167,0.06265616866,0.007288157554,0.06302739193,0.07817308317,0.079569612,0.04019659586,0.009738796075,0.01380905187,0.0540740252,0.0904657352,0.07126575489,0.03119272237,0.03865941299,0.4097280761,0.1171070279,0.1144727126,0.0598099794,0.0009081934847,0.005969559201,0.000935194942,0.01781155415,0.006322555257,0.09256268317,0.1678184062,0.2734621349,0.610258213,0.1737624718,0.0323036989,0.007866119685,0.06859376009,0.1151470304,0.2318680618,0.0001689298941,0.05703896104,0.07879344262,0.1252853323,0.1230372642,0.1342464858,0.2082244224,0.1025508197,0.08090034679,0.07479919023,0.0623409504,0.06334245861,0.06447974068,0.7424127705,1.691663575,1.1127454,1.020725515,0.803277788,0.6606894871,0.5031668697,0.2999080544,0.314458346,0.8548295286,0.6935075686,0.04219991378,0.1381672817,0.01178345865,0.01950172341,0.04734392941,0.04814748416,0.06868105516,0.05111844518,0.00875381796,0.1315270936
MSE,1.177279967,,,,,,,,,,,,,,,,,,,,,,,,,,,,,,,,,,,,,,,,,,,,,,,,,,,,,,,,,,,,,,,,,,,,,,,,,,,,,,,,,,,,,,,,,,,,,,,,,,,,,,,,,,,,,,,,,,,,,,,,,,,
Average % Error,0.2474589093,,,,,,,,,,,,,,,,,,,,,,,,,,,,,,,,,,,,,,,,,,,,,,,,,,,,,,,,,,,,,,,,,,,,,,,,,,,,,,,,,,,,,,,,,,,,,,,,,,,,,,,,,,,,,,,,,,,,,,,,,,,
,,,,,,,,,,,,,,,,,,,,,,,,,,,,,,,,,,,,,,,,,,,,,,,,,,,,,,,,,,,,,,,,,,,,,,,,,,,,,,,,,,,,,,,,,,,,,,,,,,,,,,,,,,,,,,,,,,,,,,,,,,,,
,,,,,,,,,,,,,,,,,,,,,,,,,,,,,,,,,,,,,,,,,,,,,,,,,,,,,,,,,,,,,,,,,,,,,,,,,,,,,,,,,,,,,,,,,,,,,,,,,,,,,,,,,,,,,,,,,,,,,,,,,,,,
,0,1,2,3,4,5,6,7,8,9,10,11,12,13,14,15,16,17,18,19,20,21,22,23,24,25,26,27,28,29,30,31,32,33,34,35,36,37,38,39,40,41,42,43,44,45,46,47,48,49,50,51,52,53,54,55,56,57,58,59,60,61,62,63,64,65,66,67,68,69,70,71,72,73,74,75,76,77,78,79,80,81,82,83,84,85,86,87,88,89,90,91,92,93,94,95,96,97,98,99,100,101,102,103,104,105,106,107,108,109,110,111,112,113,114,115,116,117,118,119,120,121,122,123
Target,72.4,72.79,72.47,71.41,72.5,73.59,73.22,73.65,72.4,72.49,72.15,73.16,72.72,72.69,72.82,72.83,73.05,74.01,74.77,73.94,73.61,73.4,74.34,73.98,74.76,74.68,75.21,74.77,75.31,75.16,75.44,74.94,74.21,74.41,73.26,73.26,73.85,73.87,74.49,74.61,74.26,74.69,75.97,76,76.29,76.29,76.42,77.12,77.49,77.65,77.59,77.61,77.91,78.81,78.83,78.86,78.63,78.76,83.81,83.89,83.18,83.18,84.05,84.14,84.47,84.27,84.56,84.09,83.87,83.93,84.05,82.98,83.2,82.4,82.53,83.72,83.11,83.26,83.87,84.88,83.34,84.17,84.26,81.08,81.59,82.78,82.49,84.16,85.23,85.58,85.35,84.69,86.85,86.38,85.83,85.52,85.5,85.51,85.4,85.71,85.72,85.54,85.95,86.35,87.11,88.19,88.28,88.22,87.82,88.08,89.6,88.35,90.14,90.1,90,91.61,91.9,91.82,92.33,94.06,93.92,92.74,95.01,94.26
MLP,72.550156,72.81399,72.56829,71.706116,72.52834,73.4122,73.271736,73.5893,72.433975,72.4908,72.235504,73.04578,72.7466,72.69713,72.81221,72.87577,73.05163,73.708565,74.280235,73.84028,73.604065,73.41531,74.13266,73.885666,74.4463,74.50039,74.896484,74.689285,75.070015,75.00665,75.252266,74.91911,74.296776,74.415245,73.422424,73.384285,73.88898,73.88048,74.47808,74.62987,74.308205,74.7114,75.72917,75.879005,76.10394,76.120964,76.25023,76.72087,77.047356,77.24388,77.29151,77.40608,77.663956,78.3798,78.47939,78.58936,78.455055,78.61234,81.572075,82.482704,82.400734,82.50127,83.32534,83.589935,83.96276,83.75581,84.1916,83.85027,83.85427,83.69672,83.89654,83.0158,83.070526,82.53674,82.660805,83.64775,83.22869,83.228584,83.86738,84.69391,83.53642,84.09477,84.24718,82.00739,81.860306,82.75712,82.63189,83.88697,84.9899,85.2825,85.26215,84.67082,86.223976,86.07661,85.707985,85.4469,85.52543,85.49097,85.47305,85.563995,85.60317,85.472855,85.936646,86.325485,86.89079,87.743904,87.89541,87.87129,87.701935,87.88091,88.927986,88.16909,89.52839,89.64493,89.70002,90.84214,91.2406,91.33048,91.879234,93.09074,93.288376,92.443184,94.20126,93.848335
e^2,0.02254682434,0.0005755201,0.0096609241,0.08768468546,0.0008031556,0.03161284,0.002676613696,0.00368449,0.001154300625,0.00000064,0.007310934016,0.0130462084,0.00070756,0.0000508369,0.0000606841,0.0020948929,0.0000026569,0.09086305923,0.2398697552,0.0099440784,0.000035224225,0.0002343961,0.0429898756,0.008898903556,0.09840769,0.0322597521,0.09829228226,0.006514911225,0.05759280023,0.0235162225,0.03524405476,0.0004363921,0.007530074176,0.000027510025,0.02638155578,0.01544676123,0.0015194404,0.0001098304,0.0001420864,0.0003948169,0.002323722025,0.00045796,0.0579990889,0.01463979002,0.0346183236,0.0285731693,0.0288218529,0.1593047569,0.1959337107,0.1649334544,0.0890962801,0.0415833664,0.06053764994,0.18507204,0.1229273721,0.0732460096,0.03060575302,0.0218034756,5.008308306,1.980482032,0.6072554988,0.4606744129,0.5251321156,0.3025715042,0.2572924176,0.2643913561,0.13571856,0.0574704729,0.0002474329,0.0544195584,0.0235499716,0.00128164,0.01676351668,0.0186978276,0.01710994802,0.0052200625,0.0140873161,0.000986965056,0.0000068644,0.0346294881,0.0385808164,0.0056595529,0.0001643524,0.8600522121,0.07306533364,0.0005234944,0.0201327721,0.0745453809,0.05764801,0.08850625,0.0077176225,0.0003678724,0.3919060486,0.0920454921,0.01488766023,0.00534361,0.0006466849,0.0003621409,0.0053363025,0.02131746002,0.0136492489,0.004508451025,0.000178329316,0.000600985225,0.0480530241,0.1990016412,0.1479094681,0.1215986641,0.01393934422,0.0396368281,0.4516028162,0.0327284281,0.3740667921,0.2070887049,0.0899880004,0.5896089796,0.43480836,0.2396298304,0.2031899868,0.9394649476,0.3989488774,0.08809973786,0.6540603876,0.1694680722
% Error,0.2073977901,0.03295782388,0.1356285359,0.4146702143,0.03908965517,0.2416089143,0.07065829008,0.08241683639,0.04692679558,0.001103600497,0.1185086625,0.1561235648,0.03657865787,0.009808776998,0.01069761055,0.06284498146,0.002231348392,0.4072895555,0.6550287548,0.1348661077,0.008062763212,0.02085831063,0.2789077213,0.1275128413,0.4196094168,0.2405061596,0.4168541417,0.1079510499,0.3186628602,0.2040313997,0.2488520679,0.02787563384,0.1169330279,0.007048783766,0.2217089817,0.1696491946,0.05278266757,0.01418708542,0.01600214794,0.02663181879,0.06491381632,0.02865176061,0.3170067132,0.1592039474,0.243885175,0.2215703238,0.2221538864,0.5175440871,0.5712272551,0.5230135222,0.3847016368,0.2627496457,0.3158054165,0.5458698135,0.4447672206,0.3431904641,0.2224914155,0.1874809548,2.670236249,1.677549172,0.9368429911,0.8159773984,0.8621772754,0.6537497029,0.6004972179,0.6101696927,0.435666982,0.2850874064,0.01875521641,0.2779459073,0.1825817965,0.04314292601,0.1556177885,0.1659466019,0.158493881,0.08629957,0.1428107328,0.03773240452,0.003123882199,0.2192389255,0.2356851452,0.08937863847,0.0152148113,1.143796251,0.3312979532,0.02763952646,0.1720087283,0.3244177757,0.2817083187,0.3476279505,0.1029291154,0.02264730192,0.720810593,0.3512271359,0.1421589188,0.08547708138,0.02974269006,0.02225470705,0.08553864169,0.1703476841,0.1362925805,0.07849544073,0.01553694008,0.02839027215,0.2516473424,0.5058351287,0.4356479384,0.3952731807,0.1344397632,0.2260331517,0.750015625,0.2047651387,0.6785112048,0.5050721421,0.3333111111,0.8381836044,0.7175190424,0.533130037,0.4882118488,1.030469913,0.6725127768,0.3200517576,0.8512156615,0.4367335031
MSE,0.1556430585,,,,,,,,,,,,,,,,,,,,,,,,,,,,,,,,,,,,,,,,,,,,,,,,,,,,,,,,,,,,,,,,,,,,,,,,,,,,,,,,,,,,,,,,,,,,,,,,,,,,,,,,,,,,,,,,,,,,,,,,,,,
Average % Error,0.3048075758,,,,,,,,,,,,,,,,,,,,,,,,,,,,,,,,,,,,,,,,,,,,,,,,,,,,,,,,,,,,,,,,,,,,,,,,,,,,,,,,,,,,,,,,,,,,,,,,,,,,,,,,,,,,,,,,,,,,,,,,,,,
,,,,,,,,,,,,,,,,,,,,,,,,,,,,,,,,,,,,,,,,,,,,,,,,,,,,,,,,,,,,,,,,,,,,,,,,,,,,,,,,,,,,,,,,,,,,,,,,,,,,,,,,,,,,,,,,,,,,,,,,,,,,
CONVOLUTION,72.22048,72.76973,72.581024,72.61098,72.39271,72.83829,72.99057,73.24359,73.061905,73.06669,72.58928,72.87184,72.66,72.64546,72.63311,72.763985,72.961624,72.97337,73.84532,73.603294,74.0086,73.64045,73.38483,73.676384,73.79892,74.11258,74.51581,74.8212,74.93681,74.84941,75.21175,75.303375,74.85475,74.841125,74.31783,74.04159,74.08353,74.275734,74.15555,74.38889,74.62448,74.54041,74.788,75.273705,75.856125,76.13827,76.243774,76.76627,77.17535,77.24227,77.644554,77.59707,77.71614,78.15732,78.36426,78.26064,78.6975,78.593216,80.54129,82.77374,82.36122,82.454636,82.69822,82.91007,83.22424,83.69498,83.82401,84.0157,84.09401,83.31976,84.00383,83.535645,83.3311,82.87993,83.4742,82.72329,83.054855,82.96896,83.5849,83.75031,83.72925,83.6365,83.8387,83.62802,82.65194,82.235985,82.647,82.51709,83.42181,84.180954,85.112175,84.84719,85.64518,85.919014,85.85127,85.29717,85.18499,84.894264,85.253914,85.088585,85.31556,85.160965,85.44039,86.12797,86.01554,86.68722,87.23169,87.80807,87.815704,88.09888,88.19758,89.22771,88.595116,89.33282,89.13614,89.8381,90.34941,91.254616,91.75923,92.44374,93.703064,92.96885,93.20541,94.42506
e^2,0.0322274304,0.0004108729,0.01232632858,1.44235296,0.0115111441,0.5650679241,0.0526381249,0.1651690881,0.438118229,0.3325713561,0.1929669184,0.0830361856,0.0036,0.0019838116,0.0349278721,0.004357980225,0.007810317376,1.074601757,0.8550331024,0.1133709304,0.15888196,0.0578162025,0.9123497289,0.09218267546,0.9236747664,0.3219654564,0.4818997561,0.00262144,0.1392707761,0.0964661481,0.0520980625,0.1320413906,0.4157025625,0.1858687656,1.119004309,0.6108829281,0.0545362609,0.1646200788,0.1118568025,0.0488896321,0.1328456704,0.0223771681,1.397124,0.527504427,0.1882475156,0.0230219929,0.03105560308,0.1251249129,0.0990046225,0.1662437529,0.002976138916,0.0001671849,0.0375816996,0.4259911824,0.2169137476,0.3592324096,0.00455625,0.02781690266,10.68446506,1.246036388,0.6704006884,0.5261529325,1.827309168,1.512727805,1.551917978,0.3306480004,0.5416812801,0.00552049,0.0501804801,0.3723928576,0.0021316689,0.308741366,0.01718721,0.2303328049,0.89151364,0.9934308241,0.003040971025,0.0847042816,0.08128201,1.276199496,0.1515155625,0.28462225,0.17749369,6.49240592,1.127716564,0.2959523202,0.024649,2.699153268,3.269551076,1.95732971,0.05656073063,0.0247086961,1.451591232,0.2125080922,0.0004524129,0.0496532089,0.0992313001,0.3791308217,0.0213411194,0.3861566022,0.1635717136,0.1436675312,0.2597023521,0.0492973209,1.197842692,2.258347728,1.098953856,0.1696863249,0.000018455616,0.0003564544,1.966781856,0.7703748441,2.386666573,0.5885651524,0.7462540996,3.13962961,2.404329348,0.3196590675,0.3257783929,2.612296388,0.0470612281,0.0523723225,3.256545068,0.0272448036
% Error,0.2479558011,0.02784723176,0.1531999448,1.68180927,0.1479862069,1.021483897,0.3133433488,0.5518126273,0.9142334254,0.795544213,0.6088426888,0.3938764352,0.08250825083,0.06127390288,0.2566465257,0.09064259234,0.1209801506,1.400662073,1.236699211,0.455377333,0.5415025132,0.3275885559,1.284866828,0.4104028116,1.285553772,0.7598018211,0.9230022603,0.06847666176,0.4955384411,0.4132384247,0.3025583245,0.4848879103,0.8688182186,0.5793912109,1.443939394,1.066871417,0.3162220718,0.549254095,0.4489864411,0.2963543761,0.4908160517,0.2002811621,1.55587732,0.9556513158,0.5687180495,0.1988858304,0.2306019367,0.4586747925,0.4060523939,0.5250869285,0.07031060704,0.0166602242,0.248825568,0.8281690141,0.5908156793,0.7600304337,0.08584509729,0.2117623159,3.900143181,1.330623435,0.9843471988,0.8720413561,1.608304581,1.461766104,1.474795785,0.6823543372,0.8703760643,0.08835771198,0.267091928,0.7270820922,0.05493158834,0.6696131598,0.1575721154,0.5824393204,1.144068823,1.19052795,0.06635182289,0.3495556089,0.3399308454,1.330926013,0.467062635,0.6338362837,0.5,3.142599901,1.301556563,0.6571816864,0.1903261001,1.952126901,2.121541711,1.634781491,0.2786467487,0.185606329,1.387242372,0.5336721463,0.02478154491,0.2605589336,0.3684327485,0.720074845,0.1710608899,0.7250204177,0.4718152123,0.4431084873,0.5929144852,0.2571279676,1.256411434,1.7040254,1.187483009,0.4669349354,0.004891824186,0.02143505904,1.565200893,0.9934465195,1.713871755,0.8514761376,0.9598444444,1.934177492,1.687257889,0.6157525594,0.618184772,1.718328726,0.2309795571,0.2467651499,1.899368488,0.175111394
MSE,0.6584614628,,,,,,,,,,,,,,,,,,,,,,,,,,,,,,,,,,,,,,,,,,,,,,,,,,,,,,,,,,,,,,,,,,,,,,,,,,,,,,,,,,,,,,,,,,,,,,,,,,,,,,,,,,,,,,,,,,,,,,,,,,,
Average % Error,0.732727986,,,,,,,,,,,,,,,,,,,,,,,,,,,,,,,,,,,,,,,,,,,,,,,,,,,,,,,,,,,,,,,,,,,,,,,,,,,,,,,,,,,,,,,,,,,,,,,,,,,,,,,,,,,,,,,,,,,,,,,,,,,
,,,,,,,,,,,,,,,,,,,,,,,,,,,,,,,,,,,,,,,,,,,,,,,,,,,,,,,,,,,,,,,,,,,,,,,,,,,,,,,,,,,,,,,,,,,,,,,,,,,,,,,,,,,,,,,,,,,,,,,,,,,,
LSTM,72.3495,72.76309,72.46628,71.56732,72.4956,73.50469,73.149536,73.584564,72.39799,72.49099,72.17834,73.121544,72.68685,72.653496,72.78533,72.78524,72.99832,73.78459,74.29412,73.85487,73.53035,73.32955,74.20958,73.9072,74.568756,74.53777,74.95143,74.63825,75.09691,74.995224,75.258484,74.84387,74.16499,74.38131,73.303406,73.315926,73.849724,73.87847,74.48639,74.62101,74.26828,74.703316,75.77196,75.8612,76.06994,76.102554,76.22833,76.79634,77.1321,77.30967,77.31304,77.34576,77.61323,78.363174,78.43682,78.525314,78.376915,78.52685,81.623795,82.510864,82.379364,82.51537,83.26944,83.45932,83.84522,83.777084,84.09957,83.73416,83.57873,83.66479,83.79266,82.80644,83.07196,82.312584,82.435875,83.569336,82.9731,83.191864,83.85744,84.743095,83.40003,84.19457,84.24101,81.84935,81.772484,82.75725,82.49458,84.09216,85.00473,85.27493,85.10058,84.50109,86.293724,86.08983,85.64051,85.37913,85.37598,85.39231,85.29672,85.60103,85.59584,85.43027,85.82568,86.194046,86.88262,87.725395,87.88702,87.88121,87.61884,87.87028,89.0215,88.2212,89.609505,89.65956,89.63128,90.889984,91.21901,91.27865,91.7751,93.12912,93.2067,92.38589,94.29794,93.77971
e^2,0.00255025,0.0007241481,0.0000138384,0.0247495824,0.00001936,0.0072777961,0.004965175296,0.004281870096,0.0000040401,0.0000009801,0.0008031556,0.001478863936,0.0010989225,0.001332542016,0.0012020089,0.0020034576,0.0026708224,0.0508096681,0.2264617744,0.0072471169,0.0063441225,0.0049632025,0.0170093764,0.00529984,0.03657426754,0.0202293729,0.0668584449,0.0173580625,0.0454073481,0.02715113018,0.03294805826,0.0092409769,0.0020259001,0.0008231161,0.001884080836,0.003127717476,0.000000076176,0.0000717409,0.0000130321,0.0001212201,0.0000685584,0.000177315856,0.0392198416,0.01926544,0.0484264036,0.03513600292,0.0367373889,0.1047557956,0.12809241,0.1158245089,0.0767068416,0.0698227776,0.0880724329,0.1996534743,0.1545905124,0.1120147186,0.06405201722,0.0543589225,4.779492302,1.902016106,0.6410180045,0.4417330369,0.6092739136,0.4633252624,0.3903500484,0.2429661831,0.2119957849,0.1266221056,0.0848382129,0.0703363441,0.0662238756,0.0301230736,0.0163942416,0.007641557056,0.008859515625,0.0226996409,0.01874161,0.004642514496,0.0001577536,0.01874297902,0.0036036009,0.0006036849,0.0003606201,0.5918994225,0.03330041026,0.0005175625,0.0000209764,0.0046022656,0.0507465729,0.0930677049,0.0622103364,0.0356869881,0.3094429882,0.0841986289,0.0359064601,0.0198443569,0.0153809604,0.0138509361,0.0106667584,0.0118744609,0.0154157056,0.0120406729,0.0154554624,0.02432165012,0.0517016644,0.215857806,0.1544332804,0.1147786641,0.0404653456,0.0439824784,0.33466225,0.01658944,0.281424945,0.1939873936,0.1359544384,0.5184230403,0.4637473801,0.2930598225,0.30791401,0.8665375744,0.50879689,0.1253938921,0.5070294436,0.2306784841
% Error,0.06975138122,0.03696936392,0.005133158548,0.2203052794,0.006068965517,0.1159260769,0.09623600109,0.08884725051,0.002776243094,0.001365705615,0.03927927928,0.05256424276,0.04558580858,0.0502187371,0.04761054655,0.06145819031,0.07074606434,0.3045669504,0.6364584726,0.1151338923,0.1082054069,0.09598092643,0.1754371805,0.09840497432,0.2558105939,0.1904525978,0.3437973674,0.1762070349,0.2829504714,0.2192336349,0.2406097561,0.1282759541,0.06065220321,0.03855664561,0.05924924925,0.07633906634,0.0003737305349,0.01146608908,0.004846288092,0.01475673502,0.01115001347,0.01782835721,0.2606818481,0.1826315789,0.2884519596,0.2457019269,0.2508113059,0.41968361,0.4618660472,0.4382871861,0.3569532156,0.3404715887,0.380913875,0.5669661211,0.498769504,0.4244052752,0.3218682437,0.2960259015,2.608525236,1.643981404,0.962534263,0.7990262082,0.9286853064,0.808985025,0.739647212,0.584924647,0.5445009461,0.4231656558,0.3472874687,0.3159895151,0.3061748959,0.2091588335,0.1538942308,0.1060873786,0.1140494366,0.1799617774,0.1647214535,0.08183521499,0.01497555741,0.1612924128,0.07203023758,0.02919092313,0.02253738429,0.9488776517,0.2236597622,0.02748248369,0.005552188144,0.08060836502,0.2643083421,0.3564734751,0.2922319859,0.2230605739,0.640502015,0.3359226673,0.2207736223,0.1647217025,0.1450526316,0.1376330254,0.1209367681,0.1271380236,0.1448436771,0.1282791676,0.1446422339,0.1806068327,0.2610262886,0.526822769,0.4451517898,0.384028565,0.2290594398,0.2381017257,0.6456473214,0.1457838144,0.588523408,0.4888346282,0.4096888889,0.7859578649,0.7410119695,0.5895774341,0.6009964259,0.9896661705,0.7594761499,0.3818309252,0.7494579518,0.5095374496
MSE,0.1531673655,,,,,,,,,,,,,,,,,,,,,,,,,,,,,,,,,,,,,,,,,,,,,,,,,,,,,,,,,,,,,,,,,,,,,,,,,,,,,,,,,,,,,,,,,,,,,,,,,,,,,,,,,,,,,,,,,,,,,,,,,,,
Average % Error,0.3074090796,,,,,,,,,,,,,,,,,,,,,,,,,,,,,,,,,,,,,,,,,,,,,,,,,,,,,,,,,,,,,,,,,,,,,,,,,,,,,,,,,,,,,,,,,,,,,,,,,,,,,,,,,,,,,,,,,,,,,,,,,,,
,,,,,,,,,,,,,,,,,,,,,,,,,,,,,,,,,,,,,,,,,,,,,,,,,,,,,,,,,,,,,,,,,,,,,,,,,,,,,,,,,,,,,,,,,,,,,,,,,,,,,,,,,,,,,,,,,,,,,,,,,,,,
,,,,,,,,,,,,,,,,,,,,,,,,,,,,,,,,,,,,,,,,,,,,,,,,,,,,,,,,,,,,,,,,,,,,,,,,,,,,,,,,,,,,,,,,,,,,,,,,,,,,,,,,,,,,,,,,,,,,,,,,,,,,
,0,1,2,3,4,5,6,7,8,9,10,11,12,13,14,15,16,17,18,19,20,21,22,23,24,25,26,27,28,29,30,31,32,33,34,35,36,37,38,39,40,41,42,43,44,45,46,47,48,49,50,51,52,53,54,55,56,57,58,59,60,61,62,63,64,65,66,67,68,69,70,71,72,73,74,75,76,77,78,79,80,81,82,83,84,85,86,87,88,89,90,91,92,93,94,95,96,97,98,99,100,101,102,103,104,105,106,107,108,109,110,111,112,113,114,115,116,117,118,119,120,121,122,123
Target,106.6,106.4,105.69,103.81,104.46,105.7,105.89,106.16,104.55,104.82,104.93,105.41,105.56,104.61,105.12,105.37,104.78,104.53,104.95,105.34,104.76,106.07,108.01,108.3,110.19,109.94,109.8,109.2,109.74,110.06,110.33,109.9,109.63,110.27,108.95,107.92,107.98,108.8,109.65,110.56,110.94,110.12,110.92,110.97,112.31,112.35,112.66,112.65,112.72,111.84,111.34,111.77,113.4,112.03,112.32,112.3,112.8,113.4,114.15,113.8,114.2,116.27,115.52,114.91,114.99,114.22,114.6,112.64,112.59,112.37,113.08,112.88,113.94,113.75,114.03,115.29,113.85,116.41,115.74,115.52,112.97,113.35,111.78,111.44,111.3,112.2,112.42,112.55,112.03,112.67,112.9,113.8,114.28,115.92,115.2,113.16,112.88,112.58,112.36,113.1,112.4,112.36,112.39,113.31,115.05,116.33,114.8,114.16,112.87,109.64,110.13,110.68,111.19,111.67,113.2,112.78,114.27,114.37,112.84,114.54,113.54,110.81,113.25,111.65
MLP,106.59084,106.41996,105.7706,103.99291,104.545395,105.74584,105.88827,106.08078,104.7805,104.885475,104.95376,105.452415,105.56178,104.83565,105.2493,105.489914,105.00883,104.575676,104.90874,105.499664,104.831436,105.734535,106.96015,107.586296,108.6216,109.20337,109.29021,108.96643,109.44024,109.83516,110.029816,109.80162,109.48429,110.098694,108.8676,107.82941,107.8167,108.931755,109.67505,110.47606,110.7601,110.15081,110.79793,110.88246,111.7691,111.99862,112.321205,112.43114,112.50716,111.8138,111.30124,111.73184,113.10118,111.97537,112.21199,112.25989,112.74685,113.243164,113.85237,113.6733,113.96568,115.22842,115.21344,114.68767,114.819756,114.24794,114.51502,112.782005,112.46068,112.47538,113.042534,112.957634,113.800804,113.804016,114.009544,115.156364,113.96098,116.04018,115.59223,115.39757,113.37227,113.38778,112.07385,111.722595,111.5881,112.389404,112.48826,112.72388,112.13513,112.60035,113.016464,113.78694,114.247696,115.45049,115.311615,113.38504,112.99228,112.74139,112.52957,113.313576,112.53911,112.34077,112.489586,113.36661,114.79143,115.6713,114.78777,114.24987,113.180984,110.70529,110.51073,111.0317,111.34716,111.78468,113.074615,112.83812,113.945595,114.28951,113.07719,114.37137,113.52856,111.38626,113.09237,111.738335
e^2,0.0000839056,0.0003984016,0.00649636,0.0334560681,0.007292306025,0.0021013056,0.0000029929,0.0062758084,0.05313025,0.004286975625,0.0005645376,0.001799032225,0.0000031684,0.0509179225,0.01671849,0.0143793674,0.0523631689,0.002086296976,0.0017023876,0.0254925929,0.005103102096,0.1125367662,1.102185023,0.5093733996,2.45987856,0.5426237569,0.2598858441,0.0545549449,0.0898560576,0.0505530256,0.09011043386,0.0096786244,0.0212314041,0.02934574564,0.00678976,0.0082065481,0.02666689,0.01735938002,0.0006275025,0.0070459236,0.03236401,0.0009492561,0.0149010849,0.0076632516,0.29257281,0.1234679044,0.114782052,0.0478996996,0.0453008656,0.00068644,0.0015023376,0.0014561856,0.0892933924,0.0029844369,0.0116661601,0.0016088121,0.0028249225,0.0245975309,0.0885836169,0.01605289,0.0549058624,1.084888896,0.0939790336,0.0494306289,0.02898301954,0.0007806436,0.0072216004,0.02016542002,0.0167236624,0.0111049444,0.001403701156,0.006027037956,0.01937552642,0.002917728256,0.000418447936,0.0178585805,0.0123165604,0.1367668324,0.0218359729,0.0149891049,0.1618211529,0.0014273284,0.0863478225,0.07985993403,0.08300161,0.03587387522,0.0046594276,0.0302342544,0.0110523169,0.0048511225,0.0135638633,0.0001705636,0.001043548416,0.2204396401,0.01245790823,0.0506430016,0.0126067984,0.0260467321,0.0287539849,0.04561470778,0.0193515921,0.0003697929,0.009917371396,0.0032046921,0.0668584449,0.43388569,0.0001495729,0.0080766169,0.09671104826,1.134842784,0.1449553329,0.12369289,0.0246992656,0.0131515024,0.01572139823,0.0033779344,0.105238604,0.0064786401,0.0562590961,0.0284360769,0.0001308736,0.3320755876,0.0248472169,0.007803072225
% Error,0.008592870544,0.0187593985,0.07626076261,0.1761968982,0.08174899483,0.04336802271,0.001633770894,0.07462321025,0.2204686753,0.06246422438,0.02264366721,0.04023811783,0.00168624479,0.2157059555,0.1230022831,0.1138027902,0.2183909143,0.04369654645,0.03931395903,0.1515701538,0.06819014891,0.3162675592,0.971993334,0.6590064635,1.423359652,0.6700291068,0.4642896175,0.2138919414,0.2731547294,0.2042885699,0.2720783105,0.0895177434,0.1329106996,0.1553514102,0.07563102341,0.08394180875,0.1512317096,0.1210983456,0.02284541724,0.07592257598,0.162159726,0.02797856883,0.1100522899,0.07888618546,0.4816133915,0.3127547842,0.3007234156,0.194283178,0.1888218595,0.02342632332,0.03481228669,0.03414154066,0.2635097002,0.048763724,0.09616274929,0.03571682992,0.04711879433,0.138303351,0.2607358739,0.1113356766,0.2051838879,0.8958286746,0.2653739612,0.1934818554,0.1480511349,0.0244615654,0.07415357766,0.1260697798,0.1148592237,0.09377947851,0.03313229572,0.068775691,0.1221660523,0.04748659341,0.01793913882,0.1159129153,0.09747913922,0.3176874839,0.1276740971,0.1059816482,0.3560856865,0.03333039259,0.2628824477,0.2535848887,0.2588499551,0.1688092692,0.06071873332,0.1544913372,0.09384093546,0.0618176977,0.1031567759,0.01147627417,0.02826741337,0.4050293306,0.09688802083,0.1988688583,0.09946846208,0.1433558359,0.1509166963,0.1888381963,0.1237633452,0.01711463154,0.08860752736,0.04996028594,0.2247457627,0.5662339895,0.0106533101,0.07872284513,0.2755240542,0.9716253192,0.3457096159,0.3177629201,0.141343646,0.1026954419,0.1107641343,0.05153395992,0.2838934103,0.07037684708,0.2102002836,0.1472236773,0.01007574423,0.5200433174,0.139187638,0.07911777877
MSE,0.09497677083,,,,,,,,,,,,,,,,,,,,,,,,,,,,,,,,,,,,,,,,,,,,,,,,,,,,,,,,,,,,,,,,,,,,,,,,,,,,,,,,,,,,,,,,,,,,,,,,,,,,,,,,,,,,,,,,,,,,,,,,,,,
Average % Error,0.1805927642,,,,,,,,,,,,,,,,,,,,,,,,,,,,,,,,,,,,,,,,,,,,,,,,,,,,,,,,,,,,,,,,,,,,,,,,,,,,,,,,,,,,,,,,,,,,,,,,,,,,,,,,,,,,,,,,,,,,,,,,,,,
,,,,,,,,,,,,,,,,,,,,,,,,,,,,,,,,,,,,,,,,,,,,,,,,,,,,,,,,,,,,,,,,,,,,,,,,,,,,,,,,,,,,,,,,,,,,,,,,,,,,,,,,,,,,,,,,,,,,,,,,,,,,
CONVOLUTION,107.02798,106.559746,106.10627,105.58203,105.01406,105.12097,105.184875,105.48702,105.21691,105.18767,104.73979,104.923225,105.09523,105.06895,104.97243,105.31033,104.805244,105.097336,104.450264,105.407394,105.178955,105.10725,105.29796,107.14335,107.7507,109.23645,109.83468,109.544846,109.77551,109.42529,110.00398,109.762474,110.01129,109.931946,109.297424,108.673294,108.14854,107.8772,108.568146,109.71785,109.47898,110.28702,109.86806,111.10787,111.044914,111.924484,111.24923,112.195656,112.42254,112.50585,111.67904,111.73229,112.27881,112.54046,111.06161,111.8809,111.72877,112.46938,112.90401,113.62043,113.439575,114.64348,115.342735,115.19596,114.91099,114.76158,114.43161,114.257256,114.188,113.53419,112.74152,112.93884,112.949844,113.242874,113.32408,113.64571,113.363106,114.28329,114.41994,114.6153,114.07796,113.95086,113.267815,113.141464,112.03466,111.61228,112.74497,112.70519,113.24944,112.387726,113.90597,113.74327,113.54778,114.57546,114.43434,114.13149,113.939835,113.88377,114.10839,113.505455,113.28882,112.590195,111.89942,113.02813,112.84654,114.57485,114.51829,114.401215,114.17643,113.71631,110.74081,110.55401,110.788376,111.761856,111.9364,113.60616,113.19027,114.19014,114.21693,113.21719,113.29397,112.10593,111.20461,112.09942
e^2,0.1831668804,0.02551878452,0.1732807129,3.140090321,0.3069824836,0.3352757409,0.4972012656,0.4529020804,0.4447689481,0.1351812289,0.0361798441,0.2369499006,0.2160111529,0.2106351025,0.0217769049,0.0035605089,0.000637259536,0.3218701369,0.2497360697,0.004541951236,0.175523292,0.9268875625,7.355160962,1.337839223,5.95018449,0.4949826025,0.0012027024,0.1189187637,0.0012609601,0.4028567841,0.1062890404,0.01891340068,0.1453820641,0.1142805069,0.1207034358,0.5674518504,0.0284057316,0.85155984,1.170408077,0.7092166225,2.13457944,0.0278956804,1.106577764,0.0190081369,1.600442587,0.1810638663,1.990271993,0.2064284703,0.0884824516,0.4433562225,0.1149481216,0.0014220441,1.257067016,0.2605694116,1.583545392,0.17564481,1.147533713,0.8660535844,1.55249108,0.0322453849,0.5782461806,2.64556731,0.03142288022,0.0817731216,0.0062425801,0.2933088964,0.0283551921,2.61551697,2.553604,1.355338356,0.1145687104,0.0034621456,0.9804089043,0.2571767799,0.4983230464,2.703689604,0.2370657672,4.522895424,1.742558404,0.81848209,1.227575362,0.3610327396,2.213593474,2.894979743,0.5397253156,0.3454147984,0.1056055009,0.0240839361,1.487033914,0.07967861108,1.011975641,0.0032182929,0.5361461284,1.807787812,0.5862352356,0.9437928201,1.123250227,1.699816213,3.056867592,0.164393757,0.7900009924,0.05298973802,0.2406687364,0.0794506969,4.855235972,3.080551523,0.0793605241,0.05818467622,1.706759345,16.61630322,0.3730888561,0.0158734801,0.1613018374,0.008437524736,1.59668496,0.6825403456,1.165816873,0.0323496196,1.895936225,1.749826296,0.0605307609,1.679434565,4.183620252,0.2019783364
% Error,0.4014821764,0.150137218,0.3938594001,1.706993546,0.5304039824,0.5478051088,0.6659032959,0.6339299171,0.6378861789,0.3507632131,0.1812732298,0.4617920501,0.4402898825,0.4387247873,0.1403824201,0.05662902154,0.02409238404,0.5427494499,0.4761657932,0.06397759635,0.3999188622,0.907655322,2.510915656,1.06800554,2.213721753,0.6399399673,0.03158469945,0.3157930403,0.03235830144,0.5766945303,0.2954953322,0.1251373976,0.3477971358,0.3065693298,0.3188838917,0.69801149,0.1560844601,0.8481617647,0.9866429549,0.761713097,1.316946097,0.1516709045,0.9483772088,0.1242407858,1.126423293,0.378741433,1.252236819,0.4033235686,0.2638928318,0.5953594421,0.3045087121,0.03373892816,0.9887037037,0.4556458092,1.120361467,0.3731967943,0.9496719858,0.8206525573,1.091537451,0.1577943761,0.6658712785,1.398916315,0.1534496191,0.2488556261,0.06871032264,0.4741551392,0.1469371728,1.435774148,1.419308997,1.036032749,0.2993279094,0.05212615167,0.8690152712,0.4458250549,0.6190651583,1.426220834,0.4276627141,1.826913495,1.140539139,0.7831544321,0.9807559529,0.5300926334,1.331020755,1.526798277,0.6600718778,0.5238146168,0.2890677815,0.1378853843,1.088494153,0.2505316411,0.8910274579,0.04985061511,0.6407245362,1.159886128,0.6646354167,0.8585100742,0.938904146,1.158083141,1.556060876,0.3584924845,0.7907651246,0.2048727305,0.4364979091,0.2487600388,1.91521947,1.50876816,0.2453919861,0.2112955501,1.15746434,3.71790405,0.5546263507,0.1138326708,0.3612051443,0.08225664906,1.116254417,0.7325412307,0.9448936729,0.1572615196,1.220249911,1.154889122,0.2166901532,1.169506362,1.806083885,0.4025257501
MSE,1.016374687,,,,,,,,,,,,,,,,,,,,,,,,,,,,,,,,,,,,,,,,,,,,,,,,,,,,,,,,,,,,,,,,,,,,,,,,,,,,,,,,,,,,,,,,,,,,,,,,,,,,,,,,,,,,,,,,,,,,,,,,,,,
Average % Error,0.6955296373,,,,,,,,,,,,,,,,,,,,,,,,,,,,,,,,,,,,,,,,,,,,,,,,,,,,,,,,,,,,,,,,,,,,,,,,,,,,,,,,,,,,,,,,,,,,,,,,,,,,,,,,,,,,,,,,,,,,,,,,,,,
,,,,,,,,,,,,,,,,,,,,,,,,,,,,,,,,,,,,,,,,,,,,,,,,,,,,,,,,,,,,,,,,,,,,,,,,,,,,,,,,,,,,,,,,,,,,,,,,,,,,,,,,,,,,,,,,,,,,,,,,,,,,
LSTM,106.49908,106.3288,105.65303,103.93715,104.44456,105.70063,105.84161,106.08051,104.54126,104.7986,104.910934,105.37179,105.51181,104.61812,105.117615,105.3429,104.77027,104.56069,104.95811,105.34036,104.77349,106.024635,107.00863,107.62558,108.600784,109.17847,109.250534,108.89328,109.33477,109.65733,109.93523,109.622246,109.39531,109.982155,108.79422,107.84154,107.94963,108.78528,109.60325,110.43923,110.747604,110.029594,110.75876,110.80928,111.79615,112.0131,112.303825,112.38615,112.49096,111.78764,111.31881,111.71095,113.161285,111.99961,112.26488,112.24945,112.70759,113.24172,113.841415,113.65034,113.9716,115.286156,115.24017,114.80834,114.86801,114.19851,114.53964,112.68848,112.63457,112.43888,113.12807,112.88161,113.92534,113.727036,114.00184,115.23207,113.9134,116.16873,115.724365,115.47142,113.11656,113.33112,111.99461,111.68567,111.56212,112.322334,112.508896,112.60326,112.081635,112.692375,112.8908,113.769745,114.23936,115.69027,115.116806,113.21146,112.90963,112.58586,112.37721,113.148544,112.424965,112.40108,112.437836,113.34545,114.9009,115.80314,114.85475,114.192314,112.92966,110.51269,110.39886,110.87402,111.31764,111.73253,113.21449,112.78325,114.22544,114.37273,112.92612,114.62147,113.61259,110.99141,113.32444,111.620674
e^2,0.0101848464,0.00506944,0.0013667809,0.0161671225,0.0002383936,0.0000003969,0.0023415921,0.0063186601,0.0000763876,0.00045796,0.000363512356,0.0014600041,0.0023222761,0.0000659344,0.000005688225,0.00073441,0.0000946729,0.0009418761,0.0000657721,0.0000001296,0.0001819801,0.002057983225,1.002741877,0.4548423364,2.525607495,0.5799279409,0.3019128852,0.0940771584,0.1642113529,0.1621431289,0.1558433529,0.07714728452,0.0550793961,0.08285474402,0.0242674084,0.0061559716,0.0009223369,0.0002166784,0.0021855625,0.0145853929,0.03701622082,0.008173244836,0.0259983376,0.0258309184,0.2640418225,0.11350161,0.1268606306,0.0696168225,0.0524593216,0.0027415696,0.0004490161,0.0034869025,0.05698485122,0.0009235521,0.0030382144,0.0025553025,0.0085396081,0.0250525584,0.09522470223,0.0223981156,0.05216656,0.9679490163,0.0783048289,0.0103347556,0.0148815601,0.0004618201,0.0036433296,0.0023503104,0.0019864849,0.0047444544,0.0023107249,0.0000025921,0.0002149156,0.000527345296,0.0007929856,0.0033558849,0.00401956,0.0582112129,0.000244453225,0.0023600164,0.0214798336,0.0003564544,0.0460574521,0.0603537489,0.0687068944,0.01496560756,0.007902498816,0.0028366276,0.002666173225,0.000500640625,0.00008464,0.000915365025,0.0016516096,0.0527758729,0.006921241636,0.0026481316,0.0008779369,0.0000343396,0.0002961841,0.002356519936,0.000623251225,0.0016875664,0.002288282896,0.0012567025,0.02223081,0.2775814596,0.0029975625,0.001044194596,0.0035593156,0.7615878361,0.0722856996,0.0376437604,0.0162919696,0.0039100009,0.0002099601,0.0000105625,0.0019855936,0.0000074529,0.0074166544,0.0066373609,0.0052693081,0.0329095881,0.0055413136,0.000860014276
% Error,0.09467166979,0.06691729323,0.03497965749,0.1224833831,0.01478077733,0.0005960264901,0.04569836623,0.07487754333,0.008359636538,0.02041595115,0.01817020871,0.03624893274,0.04565176203,0.007762164229,0.002268835616,0.02571889532,0.009286123306,0.02935999235,0.007727489281,0.0003417505221,0.01287705231,0.04276892618,0.9271086011,0.6227331487,1.442250658,0.6926778243,0.500424408,0.2808791209,0.3692637142,0.3658640741,0.357808393,0.252733394,0.2140746146,0.2610365467,0.1429830197,0.07270200148,0.02812557881,0.01352941176,0.04263565891,0.1092348046,0.1734234721,0.08209771159,0.1453660296,0.1448319366,0.45752827,0.2998664887,0.3161503639,0.2342210386,0.2031937544,0.04681688126,0.0190317945,0.05283170797,0.2105070547,0.0271266625,0.04907407407,0.04501335708,0.08192375887,0.1395767196,0.2703328953,0.1315114236,0.2,0.8461718414,0.2422351108,0.08846923679,0.1060874859,0.01881456838,0.05267015707,0.04303977273,0.03958610889,0.06129749933,0.04250972763,0.001426293409,0.01286642092,0.02018813187,0.02469525563,0.05024720271,0.05568730786,0.2072588266,0.01350872646,0.0420533241,0.1297335576,0.01665637406,0.1919932009,0.2204504666,0.235507637,0.1090320856,0.07907489771,0.04732119058,0.04609033295,0.01985887991,0.008148804252,0.02658611599,0.03556177809,0.1981797792,0.07221701389,0.04547543302,0.0262491141,0.005205187422,0.01531683873,0.04292130858,0.02221085409,0.03656105376,0.04256250556,0.03128585297,0.1295958279,0.4529012293,0.04769163763,0.02830588648,0.05285726942,0.7959595038,0.2441296649,0.1752981568,0.1147944959,0.05599534342,0.01280035336,0.002881716616,0.03899536186,0.002386989595,0.07632045374,0.07112799022,0.06393341554,0.1637126613,0.06573068433,0.02626600985
MSE,0.07636466329,,,,,,,,,,,,,,,,,,,,,,,,,,,,,,,,,,,,,,,,,,,,,,,,,,,,,,,,,,,,,,,,,,,,,,,,,,,,,,,,,,,,,,,,,,,,,,,,,,,,,,,,,,,,,,,,,,,,,,,,,,,
Average % Error,0.1374447639,,,,,,,,,,,,,,,,,,,,,,,,,,,,,,,,,,,,,,,,,,,,,,,,,,,,,,,,,,,,,,,,,,,,,,,,,,,,,,,,,,,,,,,,,,,,,,,,,,,,,,,,,,,,,,,,,,,,,,,,,,,
,,,,,,,,,,,,,,,,,,,,,,,,,,,,,,,,,,,,,,,,,,,,,,,,,,,,,,,,,,,,,,,,,,,,,,,,,,,,,,,,,,,,,,,,,,,,,,,,,,,,,,,,,,,,,,,,,,,,,,,,,,,,
TOTAL MSE,,,MSE Per Stock,,Stock1,Stock2,Stock3,Stock4,Stock5,,Average Error Per Stock,,Stock1,Stock2,Stock3,Stock4,Stock5,,,,,,,,,,,,,,,,,,,,,,,,,,,,,,,,,,,,,,,,,,,,,,,,,,,,,,,,,,,,,,,,,,,,,,,,,,,,,,,,,,,,,,,,,,,,,,,,,,,,,,,,,,,
MLP,18.04993984,,,MLP,0.8853748371,15.32925425,1.584690924,0.1556430585,0.09497677083,,,MLP,0.3712951143,0.276656032,0.3550128971,0.3048075758,0.1805927642,,,,,,,,,,,,,,,,,,,,,,,,,,,,,,,,,,,,,,,,,,,,,,,,,,,,,,,,,,,,,,,,,,,,,,,,,,,,,,,,,,,,,,,,,,,,,,,,,,,,,,,,,,,
CONV,117.2847921,,,CONV,3.80296345,108.4250572,3.381935231,0.6584614628,1.016374687,,,CONV,0.955299936,0.8191997291,0.764162989,0.732727986,0.6955296373,,,,,,,,,,,,,,,,,,,,,,,,,,,,,,,,,,,,,,,,,,,,,,,,,,,,,,,,,,,,,,,,,,,,,,,,,,,,,,,,,,,,,,,,,,,,,,,,,,,,,,,,,,,
LSTM,16.13550099,,,LSTM,0.4907045028,14.23798449,1.177279967,0.6584614628,0.07636466329,,,LSTM,0.2424281584,0.2692191742,0.2474589093,0.3074090796,0.1374447639,,,,,,,,,,,,,,,,,,,,,,,,,,,,,,,,,,,,,,,,,,,,,,,,,,,,,,,,,,,,,,,,,,,,,,,,,,,,,,,,,,,,,,,,,,,,,,,,,,,,,,,,,,,